config_id,node_id,Astrometry,Eclipse Timing Variations,Imaging,Microlensing,Orbital Brightness Modulation,Pulsar Timing,Pulsation Timing Variations,Radial Velocity,Transit,Transit Timing Variations,Disk Kinematics
orbital_pca2_cubes10_overlap0p35,cube0_cluster0,0.0,0.0,0.0,0.0,0.027777777777777776,0.0,0.0,0.0,0.9722222222222222,0.0,
orbital_pca2_cubes10_overlap0p35,cube0_cluster1,0.0,0.0,0.0,0.0,0.0,0.0,0.0,0.0,1.0,0.0,
orbital_pca2_cubes10_overlap0p35,cube0_cluster2,0.0,0.0,0.0,0.0,0.0,0.0,0.0,0.0,1.0,0.0,
orbital_pca2_cubes10_overlap0p35,cube0_cluster3,0.0,0.0,0.0,0.0,0.0,0.0,0.0,0.0,1.0,0.0,
orbital_pca2_cubes10_overlap0p35,cube1_cluster0,0.0,0.0,0.0,0.0,0.0,0.0,0.0,0.00909090909090909,0.990909090909091,0.0,
orbital_pca2_cubes10_overlap0p35,cube1_cluster1,0.0,0.0,0.0,0.0,0.012578616352201259,0.0,0.0,0.006289308176100629,0.9811320754716981,0.0,
orbital_pca2_cubes10_overlap0p35,cube1_cluster2,0.0,0.0,0.0,0.0,0.0,0.0,0.0,0.0,1.0,0.0,
orbital_pca2_cubes10_overlap0p35,cube1_cluster3,0.0,0.0,0.0,0.0,0.0,0.0,0.0,0.0,1.0,0.0,
orbital_pca2_cubes10_overlap0p35,cube1_cluster4,0.0,0.0,0.0,0.0,0.0,0.0,0.0,0.0,1.0,0.0,
orbital_pca2_cubes10_overlap0p35,cube1_cluster5,0.0,0.0,0.0,0.0,0.0,0.0,0.0,0.0,1.0,0.0,
orbital_pca2_cubes10_overlap0p35,cube2_cluster0,0.0,0.0,0.0,0.0,0.0,0.0,0.0,0.0,1.0,0.0,
orbital_pca2_cubes10_overlap0p35,cube2_cluster1,0.0,0.0,0.0,0.0,0.0,0.0,0.0,0.0,1.0,0.0,
orbital_pca2_cubes10_overlap0p35,cube2_cluster2,0.0,0.0,0.0,0.0,0.0,0.0,0.0,0.14285714285714285,0.8571428571428571,0.0,
orbital_pca2_cubes10_overlap0p35,cube2_cluster3,0.0,0.0,0.0,0.0,0.0,0.0,0.0,0.0,1.0,0.0,
orbital_pca2_cubes10_overlap0p35,cube5_cluster0,0.0,0.0,0.0,0.0,0.00430416068866571,0.0,0.0,0.05164992826398852,0.9411764705882353,0.0028694404591104736,
orbital_pca2_cubes10_overlap0p35,cube5_cluster1,0.0,0.0,0.0,0.0,0.0,0.0,0.0,0.0,1.0,0.0,
orbital_pca2_cubes10_overlap0p35,cube5_cluster2,0.0,0.0,0.0,0.0,0.0,0.0,0.0,0.0,1.0,0.0,
orbital_pca2_cubes10_overlap0p35,cube5_cluster3,0.0,0.0,0.0,0.0,0.0,0.0,0.0,0.0,1.0,0.0,
orbital_pca2_cubes10_overlap0p35,cube6_cluster0,0.0,0.0,0.0,0.0006031363088057901,0.0012062726176115801,0.0,0.0,0.06574185765983112,0.928226779252111,0.004221954161640531,
orbital_pca2_cubes10_overlap0p35,cube6_cluster1,0.0,0.0,0.0,0.0,0.0,0.0,0.0,0.00909090909090909,0.990909090909091,0.0,
orbital_pca2_cubes10_overlap0p35,cube6_cluster2,0.0,0.0,0.0,0.0,0.0,0.0,0.0,0.0,1.0,0.0,
orbital_pca2_cubes10_overlap0p35,cube6_cluster3,0.0,0.0,0.0,0.0,0.0,0.0,0.0,0.0,1.0,0.0,
orbital_pca2_cubes10_overlap0p35,cube6_cluster4,0.0,0.0,0.0,0.0,0.0,0.0,0.0,0.0,1.0,0.0,
orbital_pca2_cubes10_overlap0p35,cube7_cluster0,0.0,0.0,0.0,0.0,0.0,0.0,0.0,0.11663066954643629,0.8747300215982722,0.008639308855291577,
orbital_pca2_cubes10_overlap0p35,cube7_cluster1,0.0,0.0,0.0,0.0,0.0,0.0,0.0,0.3333333333333333,0.6666666666666666,0.0,
orbital_pca2_cubes10_overlap0p35,cube7_cluster2,0.0,0.0,0.0,0.0,0.0,0.0,0.0,0.5,0.5,0.0,
orbital_pca2_cubes10_overlap0p35,cube7_cluster3,0.0,0.0,0.0,0.0,0.0,0.0,0.0,0.0,1.0,0.0,
orbital_pca2_cubes10_overlap0p35,cube7_cluster4,0.0,0.0,0.0,0.0,0.0,0.0,0.0,0.0,1.0,0.0,
orbital_pca2_cubes10_overlap0p35,cube7_cluster5,0.0,0.0,0.0,0.0,0.0,0.0,0.0,0.14285714285714285,0.8571428571428571,0.0,
orbital_pca2_cubes10_overlap0p35,cube7_cluster6,0.0,0.0,0.0,0.0,0.0,0.0,0.0,0.0,1.0,0.0,
orbital_pca2_cubes10_overlap0p35,cube7_cluster7,0.0,0.0,0.0,0.0,0.0,0.0,0.0,0.25,0.75,0.0,
orbital_pca2_cubes10_overlap0p35,cube7_cluster8,0.0,0.0,0.0,0.0,0.0,0.0,0.0,0.0,1.0,0.0,
orbital_pca2_cubes10_overlap0p35,cube7_cluster9,0.0,0.0,0.0,0.0,0.0,0.0,0.0,0.25,0.75,0.0,
orbital_pca2_cubes10_overlap0p35,cube8_cluster0,0.0,0.0,0.0,0.0,0.0,0.0,0.0,0.3333333333333333,0.6666666666666666,0.0,
orbital_pca2_cubes10_overlap0p35,cube8_cluster1,0.0,0.0,0.0,0.0,0.0,0.0,0.0,0.0,1.0,0.0,
orbital_pca2_cubes10_overlap0p35,cube8_cluster2,0.0,0.0,0.0,0.0,0.0,0.0,0.0,0.25,0.75,0.0,
orbital_pca2_cubes10_overlap0p35,cube11_cluster0,0.0,0.0,0.0,0.0,0.0,0.0,0.0,0.75,0.25,0.0,
orbital_pca2_cubes10_overlap0p35,cube11_cluster1,0.0,0.0,0.0,0.0,0.0,0.0,0.0,0.056338028169014086,0.9436619718309859,0.0,
orbital_pca2_cubes10_overlap0p35,cube11_cluster2,0.0,0.0,0.0,0.0,0.0,0.0,0.0,0.8,0.2,0.0,
orbital_pca2_cubes10_overlap0p35,cube11_cluster3,0.0,0.0,0.0,0.0,0.0,0.02631578947368421,0.0,0.13157894736842105,0.8421052631578947,0.0,
orbital_pca2_cubes10_overlap0p35,cube11_cluster4,0.0,0.0,0.0,0.0,0.0,0.25,0.0,0.0,0.75,0.0,
orbital_pca2_cubes10_overlap0p35,cube11_cluster5,0.0,0.0,0.0,0.0,0.0,0.0,0.0,0.0,1.0,0.0,
orbital_pca2_cubes10_overlap0p35,cube12_cluster0,0.0,0.00031426775612822125,0.00031426775612822125,0.003771213073538655,0.0,0.0009428032683846638,0.0,0.10999371464487744,0.8774355751099937,0.007228158390949088,
orbital_pca2_cubes10_overlap0p35,cube12_cluster1,0.0,0.0,0.0,0.0,0.0,0.0,0.0,0.25,0.75,0.0,
orbital_pca2_cubes10_overlap0p35,cube13_cluster0,0.0,0.0,0.0,0.0,0.0,0.0,0.0,0.15548780487804878,0.8384146341463414,0.006097560975609756,
orbital_pca2_cubes10_overlap0p35,cube13_cluster1,0.0,0.0,0.0,0.0,0.0,0.0,0.0,0.25925925925925924,0.7037037037037037,0.037037037037037035,
orbital_pca2_cubes10_overlap0p35,cube13_cluster2,0.0,0.0,0.0,0.0,0.0,0.0,0.0,0.5,0.5,0.0,
orbital_pca2_cubes10_overlap0p35,cube13_cluster3,0.0,0.0,0.0,0.0,0.0,0.0,0.0,0.3333333333333333,0.6666666666666666,0.0,
orbital_pca2_cubes10_overlap0p35,cube13_cluster4,0.0,0.0,0.0,0.0,0.0,0.0,0.0,0.5,0.5,0.0,
orbital_pca2_cubes10_overlap0p35,cube13_cluster5,0.0,0.0,0.0,0.0,0.0,0.0,0.0,0.15789473684210525,0.8421052631578947,0.0,
orbital_pca2_cubes10_overlap0p35,cube13_cluster6,0.0,0.0,0.0,0.0,0.0,0.0,0.0,0.3157894736842105,0.6842105263157895,0.0,
orbital_pca2_cubes10_overlap0p35,cube13_cluster7,0.0,0.0,0.0,0.0,0.0,0.0,0.0,0.6666666666666666,0.3333333333333333,0.0,
orbital_pca2_cubes10_overlap0p35,cube13_cluster8,0.0,0.25,0.0,0.0,0.0,0.0,0.0,0.5,0.25,0.0,
orbital_pca2_cubes10_overlap0p35,cube13_cluster9,0.0,0.0,0.0,0.0,0.0,0.0,0.0,0.25,0.75,0.0,
orbital_pca2_cubes10_overlap0p35,cube17_cluster0,0.0,0.0,0.0,0.0,0.0,0.0,0.0,1.0,0.0,0.0,
orbital_pca2_cubes10_overlap0p35,cube17_cluster1,0.0,0.0,0.0,0.0,0.0,0.0,0.0,1.0,0.0,0.0,
orbital_pca2_cubes10_overlap0p35,cube17_cluster2,0.0,0.0,0.0,0.0,0.0,0.0,0.0,1.0,0.0,0.0,
orbital_pca2_cubes10_overlap0p35,cube17_cluster3,0.0,0.0,0.0,0.0,0.0,0.0,0.0,1.0,0.0,0.0,
orbital_pca2_cubes10_overlap0p35,cube17_cluster4,0.0,0.0,0.0,0.0,0.0,0.0,0.0,0.75,0.25,0.0,
orbital_pca2_cubes10_overlap0p35,cube17_cluster5,0.0,0.0,0.0,0.0,0.0,0.0,0.14285714285714285,0.8571428571428571,0.0,0.0,
orbital_pca2_cubes10_overlap0p35,cube17_cluster6,0.0,0.0,0.0,0.0,0.0,0.0,0.0,1.0,0.0,0.0,
orbital_pca2_cubes10_overlap0p35,cube17_cluster7,0.0,0.0,0.0,0.0,0.0,0.0,0.0,0.8,0.2,0.0,
orbital_pca2_cubes10_overlap0p35,cube17_cluster8,0.0,0.0,0.0,0.0,0.0,0.0,0.0,0.8,0.0,0.2,
orbital_pca2_cubes10_overlap0p35,cube17_cluster9,0.0,0.0,0.0,0.0,0.0,0.0,0.0,0.875,0.125,0.0,
orbital_pca2_cubes10_overlap0p35,cube17_cluster10,0.0,0.0,0.0,0.0,0.0,0.0,0.0,1.0,0.0,0.0,
orbital_pca2_cubes10_overlap0p35,cube17_cluster11,0.0,0.0,0.0,0.0,0.0,0.0,0.0,1.0,0.0,0.0,
orbital_pca2_cubes10_overlap0p35,cube17_cluster12,0.0,0.0,0.0,0.0,0.0,0.25,0.0,0.0,0.75,0.0,
orbital_pca2_cubes10_overlap0p35,cube18_cluster0,0.0009216589861751152,0.0018433179723502304,0.0018433179723502304,0.15668202764976957,0.0,0.0018433179723502304,0.0009216589861751152,0.4377880184331797,0.3898617511520737,0.008294930875576038,
orbital_pca2_cubes10_overlap0p35,cube18_cluster1,0.0,0.0,0.0,0.0,0.0,0.0,0.0,1.0,0.0,0.0,
orbital_pca2_cubes10_overlap0p35,cube18_cluster2,0.0,0.0,0.0,0.0,0.0,0.0,0.0,0.8,0.0,0.2,
orbital_pca2_cubes10_overlap0p35,cube18_cluster3,0.0,0.0,0.0,0.0,0.0,0.0,0.0,1.0,0.0,0.0,
orbital_pca2_cubes10_overlap0p35,cube19_cluster0,0.0,0.0,0.0,0.1,0.0,0.0,0.0,0.9,0.0,0.0,
orbital_pca2_cubes10_overlap0p35,cube19_cluster1,0.0,0.0,0.0,0.0,0.0,0.0,0.0,0.5,0.5,0.0,
orbital_pca2_cubes10_overlap0p35,cube19_cluster2,0.0,0.0,0.0,0.0,0.0,0.0,0.0,0.3333333333333333,0.6666666666666666,0.0,
orbital_pca2_cubes10_overlap0p35,cube19_cluster3,0.0,0.0,0.0,0.0,0.0,0.0,0.0,0.4117647058823529,0.5882352941176471,0.0,
orbital_pca2_cubes10_overlap0p35,cube19_cluster4,0.0,0.0,0.0,0.0,0.0,0.0,0.0,1.0,0.0,0.0,
orbital_pca2_cubes10_overlap0p35,cube19_cluster5,0.0,0.0,0.0,0.0,0.0,0.0,0.0,0.9090909090909091,0.0,0.09090909090909091,
orbital_pca2_cubes10_overlap0p35,cube19_cluster6,0.0,0.0,0.0,0.0,0.0,0.0,0.0,0.5,0.5,0.0,
orbital_pca2_cubes10_overlap0p35,cube19_cluster7,0.0,0.0,0.0,0.0,0.0,0.0,0.0,0.6666666666666666,0.3333333333333333,0.0,
orbital_pca2_cubes10_overlap0p35,cube19_cluster8,0.0,0.0,0.0,0.0,0.0,0.0,0.0,0.9,0.1,0.0,
orbital_pca2_cubes10_overlap0p35,cube19_cluster9,0.0,0.0,0.0,0.0,0.0,0.0,0.0,0.15789473684210525,0.8421052631578947,0.0,
orbital_pca2_cubes10_overlap0p35,cube19_cluster10,0.0,0.0,0.0,0.0,0.0,0.0,0.0,0.3157894736842105,0.6842105263157895,0.0,
orbital_pca2_cubes10_overlap0p35,cube19_cluster11,0.0,0.0,0.0,0.0,0.0,0.0,0.0,0.6666666666666666,0.3333333333333333,0.0,
orbital_pca2_cubes10_overlap0p35,cube24_cluster0,0.0,0.0,0.0,0.0,0.0,0.0,0.0,1.0,0.0,0.0,
orbital_pca2_cubes10_overlap0p35,cube24_cluster1,0.0,0.0,0.0,0.0,0.0,0.0,0.0,1.0,0.0,0.0,
orbital_pca2_cubes10_overlap0p35,cube24_cluster2,0.0,0.0,0.0,0.0,0.0,0.0,0.0,1.0,0.0,0.0,
orbital_pca2_cubes10_overlap0p35,cube24_cluster3,0.0,0.0,0.0,0.0,0.0,0.0,0.14285714285714285,0.8571428571428571,0.0,0.0,
orbital_pca2_cubes10_overlap0p35,cube24_cluster4,0.0,0.0,0.0,0.0,0.0,0.0,0.0,1.0,0.0,0.0,
orbital_pca2_cubes10_overlap0p35,cube24_cluster5,0.0,0.0,0.0,0.0,0.0,0.0,0.0,0.8,0.0,0.2,
orbital_pca2_cubes10_overlap0p35,cube24_cluster6,0.0,0.0,0.0,0.0,0.0,0.0,0.0,1.0,0.0,0.0,
orbital_pca2_cubes10_overlap0p35,cube25_cluster0,0.0018975332068311196,0.0056925996204933585,0.003795066413662239,0.3548387096774194,0.0,0.0,0.0018975332068311196,0.6053130929791272,0.018975332068311195,0.007590132827324478,
orbital_pca2_cubes10_overlap0p35,cube25_cluster1,0.0,0.0,0.0,0.0,0.0,0.0,0.0,1.0,0.0,0.0,
orbital_pca2_cubes10_overlap0p35,cube25_cluster2,0.0,0.030303030303030304,0.0,0.12121212121212122,0.0,0.0,0.0,0.8484848484848485,0.0,0.0,
orbital_pca2_cubes10_overlap0p35,cube25_cluster3,0.0,0.0,0.0,0.0,0.0,0.0,0.0,1.0,0.0,0.0,
orbital_pca2_cubes10_overlap0p35,cube25_cluster4,0.0,0.25,0.0,0.5,0.0,0.0,0.0,0.25,0.0,0.0,
orbital_pca2_cubes10_overlap0p35,cube25_cluster5,0.0,0.09090909090909091,0.0,0.18181818181818182,0.0,0.0,0.0,0.6818181818181818,0.0,0.045454545454545456,
orbital_pca2_cubes10_overlap0p35,cube25_cluster6,0.0,0.0,0.1111111111111111,0.1111111111111111,0.0,0.1111111111111111,0.0,0.6666666666666666,0.0,0.0,
orbital_pca2_cubes10_overlap0p35,cube25_cluster7,0.0,0.0,0.0,0.0,0.0,0.0,0.0,0.8,0.0,0.2,
orbital_pca2_cubes10_overlap0p35,cube25_cluster8,0.0,0.0,0.0,0.0,0.0,0.0,0.0,1.0,0.0,0.0,
orbital_pca2_cubes10_overlap0p35,cube26_cluster0,0.0,0.08333333333333333,0.0,0.0,0.0,0.0,0.0,0.9166666666666666,0.0,0.0,
orbital_pca2_cubes10_overlap0p35,cube26_cluster1,0.0,0.0,0.0,0.0,0.0,0.0,0.0,1.0,0.0,0.0,
orbital_pca2_cubes10_overlap0p35,cube26_cluster2,0.0,0.04,0.0,0.04,0.0,0.0,0.0,0.92,0.0,0.0,
orbital_pca2_cubes10_overlap0p35,cube26_cluster3,0.0,0.0,0.0,0.1,0.0,0.0,0.0,0.9,0.0,0.0,
orbital_pca2_cubes10_overlap0p35,cube26_cluster4,0.0,0.0,0.0,0.0,0.0,0.0,0.0,1.0,0.0,0.0,
orbital_pca2_cubes10_overlap0p35,cube26_cluster5,0.0,0.0,0.0,0.0,0.0,0.0,0.0,0.8,0.2,0.0,
orbital_pca2_cubes10_overlap0p35,cube26_cluster6,0.0,0.0,0.0,0.0,0.0,0.0,0.0,0.9090909090909091,0.0,0.09090909090909091,
orbital_pca2_cubes10_overlap0p35,cube26_cluster7,0.0,0.0,0.0,0.0,0.0,0.0,0.0,1.0,0.0,0.0,
orbital_pca2_cubes10_overlap0p35,cube26_cluster8,0.0,0.0,0.0,0.1111111111111111,0.0,0.0,0.0,0.8888888888888888,0.0,0.0,
orbital_pca2_cubes10_overlap0p35,cube26_cluster9,0.0,0.0,0.0,0.0,0.0,0.0,0.0,0.5,0.5,0.0,
orbital_pca2_cubes10_overlap0p35,cube26_cluster10,0.0,0.0,0.0,0.0,0.0,0.0,0.0,1.0,0.0,0.0,
orbital_pca2_cubes10_overlap0p35,cube26_cluster11,0.0,0.125,0.0,0.0,0.0,0.0,0.0,0.875,0.0,0.0,
orbital_pca2_cubes10_overlap0p35,cube26_cluster12,0.0,0.0,0.0,0.0,0.0,0.0,0.0,0.9,0.1,0.0,
orbital_pca2_cubes10_overlap0p35,cube26_cluster13,0.0,0.0,0.0,0.0,0.0,0.0,0.0,1.0,0.0,0.0,
orbital_pca2_cubes10_overlap0p35,cube26_cluster14,0.0,0.0,0.0,0.0,0.0,0.0,0.0,1.0,0.0,0.0,
orbital_pca2_cubes10_overlap0p35,cube32_cluster0,0.0,0.0,0.0,0.0,0.0,0.0,0.0,1.0,0.0,0.0,
orbital_pca2_cubes10_overlap0p35,cube32_cluster1,0.0,0.030303030303030304,0.0,0.12121212121212122,0.0,0.0,0.0,0.8484848484848485,0.0,0.0,
orbital_pca2_cubes10_overlap0p35,cube32_cluster2,0.0,0.0,0.0,0.0,0.0,0.0,0.0,1.0,0.0,0.0,
orbital_pca2_cubes10_overlap0p35,cube32_cluster3,0.0,0.0,0.16666666666666666,0.0,0.0,0.0,0.0,0.8333333333333334,0.0,0.0,
orbital_pca2_cubes10_overlap0p35,cube32_cluster4,0.0,0.0,0.1111111111111111,0.1111111111111111,0.0,0.1111111111111111,0.0,0.6666666666666666,0.0,0.0,
orbital_pca2_cubes10_overlap0p35,cube32_cluster5,0.0,0.0,0.5,0.25,0.0,0.0,0.0,0.25,0.0,0.0,
orbital_pca2_cubes10_overlap0p35,cube33_cluster0,0.0,0.0,0.0,0.0,0.0,0.0,0.0,1.0,0.0,0.0,
orbital_pca2_cubes10_overlap0p35,cube33_cluster1,0.0,0.04,0.0,0.04,0.0,0.0,0.0,0.92,0.0,0.0,
orbital_pca2_cubes10_overlap0p35,cube33_cluster2,0.0,0.0,0.0,0.0,0.0,0.0,0.0,1.0,0.0,0.0,
orbital_pca2_cubes10_overlap0p35,cube33_cluster3,0.0,0.0,0.0,0.0,0.0,0.0,0.0,1.0,0.0,0.0,
phys_min_pca2_cubes10_overlap0p35,cube0_cluster0,0.0,0.0,0.0,0.0,0.0,0.0,0.0,0.0,1.0,0.0,0.0
phys_min_pca2_cubes10_overlap0p35,cube1_cluster0,0.0,0.0,0.0,0.0,0.0,0.0,0.0,0.0,1.0,0.0,0.0
phys_min_pca2_cubes10_overlap0p35,cube5_cluster0,0.0,0.0,0.0,0.0,0.011111111111111112,0.0,0.0,0.05555555555555555,0.9222222222222223,0.011111111111111112,0.0
phys_min_pca2_cubes10_overlap0p35,cube5_cluster1,0.0,0.0,0.0,0.0,0.0,0.0,0.0,0.0,1.0,0.0,0.0
phys_min_pca2_cubes10_overlap0p35,cube6_cluster0,0.0,0.0,0.0,0.0,0.0,0.0,0.0,0.09090909090909091,0.9090909090909091,0.0,0.0
phys_min_pca2_cubes10_overlap0p35,cube6_cluster1,0.0,0.0,0.0,0.0,0.0,0.0,0.0,0.0,1.0,0.0,0.0
phys_min_pca2_cubes10_overlap0p35,cube11_cluster0,0.0,0.0,0.0,0.0,0.0,0.0,0.0,0.25,0.75,0.0,0.0
phys_min_pca2_cubes10_overlap0p35,cube12_cluster0,0.0,0.0,0.0,0.0,0.0,0.01282051282051282,0.0,0.02564102564102564,0.9615384615384616,0.0,0.0
phys_min_pca2_cubes10_overlap0p35,cube12_cluster1,0.0,0.0,0.0,0.0,0.0,0.0,0.0,0.25,0.75,0.0,0.0
phys_min_pca2_cubes10_overlap0p35,cube13_cluster0,0.0,0.0,0.0,0.007587253414264037,0.0030349013657056147,0.0015174506828528073,0.0,0.05007587253414264,0.9347496206373292,0.0030349013657056147,0.0
phys_min_pca2_cubes10_overlap0p35,cube19_cluster0,0.0,0.0,0.0,0.0,0.0,0.0,0.0,0.25,0.75,0.0,0.0
phys_min_pca2_cubes10_overlap0p35,cube20_cluster0,0.0,0.0,0.0,0.0,0.0,0.006024096385542169,0.0,0.05421686746987952,0.9337349397590361,0.006024096385542169,0.0
phys_min_pca2_cubes10_overlap0p35,cube20_cluster1,0.0,0.0,0.0,0.0,0.0,0.0,0.0,0.25,0.75,0.0,0.0
phys_min_pca2_cubes10_overlap0p35,cube20_cluster2,0.0,0.0,0.0,0.0,0.0,0.0,0.0,0.0,1.0,0.0,0.0
phys_min_pca2_cubes10_overlap0p35,cube21_cluster0,0.0,0.0,0.0,0.012914334911752045,0.0,0.0012914334911752045,0.0,0.06112785191562634,0.9220835126990959,0.002582866982350409,0.0
phys_min_pca2_cubes10_overlap0p35,cube21_cluster1,0.0,0.0,0.0,0.0,0.0,0.0,0.0,0.0,1.0,0.0,0.0
phys_min_pca2_cubes10_overlap0p35,cube22_cluster0,0.0,0.0,0.0,0.013011152416356878,0.0,0.0,0.0,0.07063197026022305,0.9144981412639405,0.0018587360594795538,0.0
phys_min_pca2_cubes10_overlap0p35,cube22_cluster1,0.0,0.0,0.0,0.0,0.0,0.0,0.0,0.0,1.0,0.0,0.0
phys_min_pca2_cubes10_overlap0p35,cube29_cluster0,0.0,0.0,0.0,0.0,0.0,0.0,0.0,0.0,1.0,0.0,0.0
phys_min_pca2_cubes10_overlap0p35,cube30_cluster0,0.0,0.0,0.0,0.0,0.0,0.0,0.0,0.0425531914893617,0.9361702127659575,0.02127659574468085,0.0
phys_min_pca2_cubes10_overlap0p35,cube30_cluster1,0.0,0.0,0.0,0.0,0.0,0.0,0.0,0.022727272727272728,0.9545454545454546,0.022727272727272728,0.0
phys_min_pca2_cubes10_overlap0p35,cube30_cluster2,0.0,0.0,0.0,0.0,0.0,0.0,0.0,0.0,1.0,0.0,0.0
phys_min_pca2_cubes10_overlap0p35,cube30_cluster3,0.0,0.0,0.0,0.0,0.0,0.0,0.0,0.0,1.0,0.0,0.0
phys_min_pca2_cubes10_overlap0p35,cube31_cluster0,0.0,0.0,0.001323918799646955,0.02118270079435128,0.001323918799646955,0.000441306266548985,0.0,0.0997352162400706,0.8715798764342454,0.00441306266548985,0.0
phys_min_pca2_cubes10_overlap0p35,cube32_cluster0,0.0,0.0,0.0,0.02851828890266584,0.0,0.0,0.0,0.12461252324860508,0.842529448233106,0.0043397396156230625,0.0
phys_min_pca2_cubes10_overlap0p35,cube32_cluster1,0.0,0.0,0.0,0.0,0.0,0.0,0.0,0.0,1.0,0.0,0.0
phys_min_pca2_cubes10_overlap0p35,cube33_cluster0,0.0,0.0,0.0,0.0,0.0,0.0,0.0,0.0,1.0,0.0,0.0
phys_min_pca2_cubes10_overlap0p35,cube39_cluster0,0.0,0.0,0.0,0.0,0.0,0.0,0.0,0.0,1.0,0.0,0.0
phys_min_pca2_cubes10_overlap0p35,cube40_cluster0,0.0,0.0,0.0,0.0,0.0,0.0,0.0,0.0,1.0,0.0,0.0
phys_min_pca2_cubes10_overlap0p35,cube40_cluster1,0.0,0.0,0.0,0.0,0.0,0.0,0.0,0.0,1.0,0.0,0.0
phys_min_pca2_cubes10_overlap0p35,cube40_cluster2,0.0,0.0,0.0,0.0,0.0,0.0,0.0,0.0,1.0,0.0,0.0
phys_min_pca2_cubes10_overlap0p35,cube40_cluster3,0.0,0.0,0.0,0.0,0.0,0.0,0.0,0.0,1.0,0.0,0.0
phys_min_pca2_cubes10_overlap0p35,cube40_cluster4,0.0,0.0,0.0,0.0,0.0,0.0,0.0,0.0,1.0,0.0,0.0
phys_min_pca2_cubes10_overlap0p35,cube41_cluster0,0.0,0.0,0.0,0.06597222222222222,0.0,0.0,0.0,0.21180555555555555,0.71875,0.003472222222222222,0.0
phys_min_pca2_cubes10_overlap0p35,cube41_cluster1,0.0,0.0,0.0,0.0,0.0,0.0,0.0,0.2,0.8,0.0,0.0
phys_min_pca2_cubes10_overlap0p35,cube41_cluster2,0.0,0.0,0.0,0.0,0.0,0.0,0.0,0.0,1.0,0.0,0.0
phys_min_pca2_cubes10_overlap0p35,cube41_cluster3,0.0,0.0,0.0,0.0,0.0,0.0,0.0,0.0,1.0,0.0,0.0
phys_min_pca2_cubes10_overlap0p35,cube42_cluster0,0.0,0.0,0.0,0.09628378378378379,0.0,0.0,0.0,0.24493243243243243,0.6486486486486487,0.010135135135135136,0.0
phys_min_pca2_cubes10_overlap0p35,cube42_cluster1,0.0,0.0,0.0,0.0,0.0,0.0,0.0,0.0,1.0,0.0,0.0
phys_min_pca2_cubes10_overlap0p35,cube42_cluster2,0.0,0.0,0.0,0.0,0.0,0.0,0.0,0.0,1.0,0.0,0.0
phys_min_pca2_cubes10_overlap0p35,cube42_cluster3,0.0,0.0,0.0,0.0,0.0,0.0,0.0,0.0,1.0,0.0,0.0
phys_min_pca2_cubes10_overlap0p35,cube43_cluster0,0.0,0.0,0.0,0.125,0.0,0.0,0.0,0.3,0.5375,0.0375,0.0
phys_min_pca2_cubes10_overlap0p35,cube43_cluster1,0.0,0.0,0.0,0.0,0.0,0.0,0.0,0.0,1.0,0.0,0.0
phys_min_pca2_cubes10_overlap0p35,cube51_cluster0,0.0,0.0,0.0,0.0,0.0,0.125,0.0,0.375,0.5,0.0,0.0
phys_min_pca2_cubes10_overlap0p35,cube51_cluster1,0.0,0.0,0.0,0.0,0.0,0.0,0.0,0.012658227848101266,0.9873417721518988,0.0,0.0
phys_min_pca2_cubes10_overlap0p35,cube51_cluster2,0.0,0.0,0.0,0.0,0.0,0.0,0.0,0.14285714285714285,0.8571428571428571,0.0,0.0
phys_min_pca2_cubes10_overlap0p35,cube51_cluster3,0.0,0.0,0.0,0.0,0.0,0.0,0.0,0.0,1.0,0.0,0.0
phys_min_pca2_cubes10_overlap0p35,cube52_cluster0,0.0,0.0,0.0,0.12448132780082988,0.0013831258644536654,0.0013831258644536654,0.0,0.3112033195020747,0.5477178423236515,0.013831258644536652,0.0
phys_min_pca2_cubes10_overlap0p35,cube53_cluster0,0.0,0.0,0.0,0.14180929095354522,0.0024449877750611247,0.0,0.0,0.34474327628361856,0.4889975550122249,0.022004889975550123,0.0
phys_min_pca2_cubes10_overlap0p35,cube59_cluster0,0.0,0.0,0.0,0.0,0.0,0.0,0.0,0.0,1.0,0.0,0.0
phys_min_pca2_cubes10_overlap0p35,cube60_cluster0,0.0029498525073746312,0.02064896755162242,0.0471976401179941,0.11504424778761062,0.0,0.0,0.0,0.6224188790560472,0.18584070796460178,0.0058997050147492625,0.0
phys_min_pca2_cubes10_overlap0p35,cube60_cluster1,0.0,0.05263157894736842,0.05263157894736842,0.0,0.0,0.0,0.0,0.631578947368421,0.2631578947368421,0.0,0.0
phys_min_pca2_cubes10_overlap0p35,cube60_cluster2,0.0,0.0,0.0,0.0,0.0,0.0,0.0,0.0,1.0,0.0,0.0
phys_min_pca2_cubes10_overlap0p35,cube61_cluster0,0.002600780234070221,0.014304291287386216,0.013003901170351105,0.09492847854356307,0.0039011703511053317,0.0039011703511053317,0.0013003901170351106,0.48634590377113135,0.3732119635890767,0.005201560468140442,0.0013003901170351106
phys_min_pca2_cubes10_overlap0p35,cube61_cluster1,0.0,0.0,0.0,0.0,0.0,0.0,0.0,0.0,1.0,0.0,0.0
phys_min_pca2_cubes10_overlap0p35,cube62_cluster0,0.0,0.003778337531486146,0.0,0.09697732997481108,0.003778337531486146,0.0012594458438287153,0.0,0.371536523929471,0.5163727959697733,0.006297229219143577,0.0
phys_min_pca2_cubes10_overlap0p35,cube62_cluster1,0.0,0.0,0.0,0.0,0.0,0.0,0.0,0.0,1.0,0.0,0.0
phys_min_pca2_cubes10_overlap0p35,cube63_cluster0,0.0,0.0,0.0,0.11026615969581749,0.0038022813688212928,0.0,0.0,0.30038022813688214,0.5741444866920152,0.011406844106463879,0.0
phys_min_pca2_cubes10_overlap0p35,cube66_cluster0,0.021164021164021163,0.015873015873015872,0.24867724867724866,0.1111111111111111,0.0,0.0,0.005291005291005291,0.5079365079365079,0.07936507936507936,0.010582010582010581,0.0
phys_min_pca2_cubes10_overlap0p35,cube67_cluster0,0.0045662100456621,0.02054794520547945,0.1095890410958904,0.11643835616438356,0.0,0.0,0.00228310502283105,0.6232876712328768,0.11643835616438356,0.00684931506849315,0.0
phys_min_pca2_cubes10_overlap0p35,cube67_cluster1,0.0,0.05128205128205128,0.1794871794871795,0.0,0.0,0.0,0.0,0.5641025641025641,0.20512820512820512,0.0,0.0
phys_min_pca2_cubes10_overlap0p35,cube67_cluster2,0.0,0.0,0.5,0.0,0.0,0.0,0.0,0.0,0.5,0.0,0.0
phys_min_pca2_cubes10_overlap0p35,cube68_cluster0,0.0036900369003690036,0.025830258302583026,0.055350553505535055,0.12177121771217712,0.0,0.0,0.0036900369003690036,0.5498154981549815,0.23616236162361623,0.0036900369003690036,0.0
phys_min_pca2_cubes10_overlap0p35,cube68_cluster1,0.0,0.0,0.0,0.0,0.0,0.0,0.0,0.0,1.0,0.0,0.0
phys_min_pca2_cubes10_overlap0p35,cube69_cluster0,0.0,0.0,0.0,0.0,0.0,0.0,0.0,0.0,1.0,0.0,0.0
phys_min_pca2_cubes10_overlap0p35,cube69_cluster1,0.0,0.0,0.0,0.0,0.0,0.0,0.0,0.0,1.0,0.0,0.0
joint_no_density_pca2_cubes10_overlap0p35,cube1_cluster0,0.0,0.0,0.0,0.0,0.0,0.0,0.0,0.0,1.0,0.0,
joint_no_density_pca2_cubes10_overlap0p35,cube2_cluster0,0.0,0.0,0.0,0.0,0.0,0.0,0.0,0.0,1.0,0.0,
joint_no_density_pca2_cubes10_overlap0p35,cube2_cluster1,0.0,0.0,0.0,0.0,0.0,0.0,0.0,0.0,1.0,0.0,
joint_no_density_pca2_cubes10_overlap0p35,cube2_cluster2,0.0,0.0,0.0,0.0,0.0,0.0,0.0,0.0,1.0,0.0,
joint_no_density_pca2_cubes10_overlap0p35,cube2_cluster3,0.0,0.0,0.0,0.0,0.0,0.0,0.0,0.0,1.0,0.0,
joint_no_density_pca2_cubes10_overlap0p35,cube3_cluster0,0.0,0.0,0.0,0.0,0.0,0.0,0.0,0.0,1.0,0.0,
joint_no_density_pca2_cubes10_overlap0p35,cube4_cluster0,0.0,0.0,0.0,0.0,0.0,0.0,0.0,0.011494252873563218,0.9770114942528736,0.011494252873563218,
joint_no_density_pca2_cubes10_overlap0p35,cube5_cluster0,0.0,0.0,0.0,0.0,0.0,0.0,0.0,0.0,1.0,0.0,
joint_no_density_pca2_cubes10_overlap0p35,cube5_cluster1,0.0,0.0,0.0,0.0,0.0,0.0,0.0,0.0,1.0,0.0,
joint_no_density_pca2_cubes10_overlap0p35,cube5_cluster2,0.0,0.0,0.0,0.0,0.0,0.0,0.0,0.0,1.0,0.0,
joint_no_density_pca2_cubes10_overlap0p35,cube6_cluster0,0.0,0.0,0.0,0.0,0.058823529411764705,0.0,0.0,0.0,0.9411764705882353,0.0,
joint_no_density_pca2_cubes10_overlap0p35,cube10_cluster0,0.0,0.0,0.0,0.0,0.0,0.0,0.0,0.3,0.7,0.0,
joint_no_density_pca2_cubes10_overlap0p35,cube11_cluster0,0.0,0.0,0.0,0.0,0.0,0.0,0.0,0.066006600660066,0.933993399339934,0.0,
joint_no_density_pca2_cubes10_overlap0p35,cube12_cluster0,0.0,0.0,0.0,0.0,0.0007942811755361397,0.0,0.0,0.04130262112787927,0.9563145353455124,0.0015885623510722795,
joint_no_density_pca2_cubes10_overlap0p35,cube12_cluster1,0.0,0.0,0.0,0.0,0.0,0.0,0.0,0.0,1.0,0.0,
joint_no_density_pca2_cubes10_overlap0p35,cube13_cluster0,0.0,0.0,0.0,0.0,0.0,0.0,0.0,0.056818181818181816,0.9388111888111889,0.004370629370629371,
joint_no_density_pca2_cubes10_overlap0p35,cube13_cluster1,0.0,0.0,0.0,0.0,0.0,0.0,0.0,0.0,1.0,0.0,
joint_no_density_pca2_cubes10_overlap0p35,cube14_cluster0,0.0,0.0,0.0,0.0,0.0019305019305019305,0.0,0.0,0.10038610038610038,0.88996138996139,0.007722007722007722,
joint_no_density_pca2_cubes10_overlap0p35,cube15_cluster0,0.0,0.0,0.0,0.0,0.005,0.0,0.0,0.0575,0.9375,0.0,
joint_no_density_pca2_cubes10_overlap0p35,cube15_cluster1,0.0,0.0,0.0,0.0,0.0,0.0,0.0,0.0,1.0,0.0,
joint_no_density_pca2_cubes10_overlap0p35,cube16_cluster0,0.0,0.0,0.0,0.0,0.01020408163265306,0.0,0.0,0.01020408163265306,0.9795918367346939,0.0,
joint_no_density_pca2_cubes10_overlap0p35,cube19_cluster0,0.0,0.0,0.0,0.0,0.0,0.0,0.0,0.3644859813084112,0.6261682242990654,0.009345794392523364,
joint_no_density_pca2_cubes10_overlap0p35,cube19_cluster1,0.0,0.0,0.0,0.0,0.0,0.0,0.0,0.6666666666666666,0.3333333333333333,0.0,
joint_no_density_pca2_cubes10_overlap0p35,cube20_cluster0,0.0,0.0,0.0,0.0,0.0,0.0,0.0,0.09647302904564316,0.8983402489626556,0.005186721991701245,
joint_no_density_pca2_cubes10_overlap0p35,cube21_cluster0,0.0,0.0,0.0,0.0008,0.0,0.0008,0.0,0.0688,0.9252,0.0044,
joint_no_density_pca2_cubes10_overlap0p35,cube22_cluster0,0.0,0.0,0.0,0.004042037186742118,0.0,0.0,0.0,0.11802748585286985,0.8666127728375101,0.01131770412287793,
joint_no_density_pca2_cubes10_overlap0p35,cube22_cluster1,0.0,0.0,0.0,0.0,0.0,0.0,0.0,0.0,1.0,0.0,
joint_no_density_pca2_cubes10_overlap0p35,cube23_cluster0,0.0,0.0,0.0,0.008928571428571428,0.0,0.0,0.0,0.19642857142857142,0.78125,0.013392857142857142,
joint_no_density_pca2_cubes10_overlap0p35,cube23_cluster1,0.0,0.0,0.0,0.0,0.0,0.0,0.0,1.0,0.0,0.0,
joint_no_density_pca2_cubes10_overlap0p35,cube24_cluster0,0.0,0.0,0.0,0.0,0.0,0.0,0.0,1.0,0.0,0.0,
joint_no_density_pca2_cubes10_overlap0p35,cube24_cluster1,0.0,0.0,0.0,0.0,0.0,0.0,0.0,0.10416666666666667,0.8958333333333334,0.0,
joint_no_density_pca2_cubes10_overlap0p35,cube25_cluster0,0.0,0.0,0.0,0.0,0.0,0.0,0.0,0.0,1.0,0.0,
joint_no_density_pca2_cubes10_overlap0p35,cube26_cluster0,0.0,0.0,0.0,0.0,0.0,0.0,0.0,0.3793103448275862,0.5862068965517241,0.034482758620689655,
joint_no_density_pca2_cubes10_overlap0p35,cube26_cluster1,0.0,0.0,0.0,0.0,0.0,0.0,0.0,1.0,0.0,0.0,
joint_no_density_pca2_cubes10_overlap0p35,cube27_cluster0,0.0,0.0,0.0,0.024074074074074074,0.0,0.0,0.0,0.1111111111111111,0.8574074074074074,0.007407407407407408,
joint_no_density_pca2_cubes10_overlap0p35,cube27_cluster1,0.0,0.0,0.0,0.0,0.0,0.0,0.0,1.0,0.0,0.0,
joint_no_density_pca2_cubes10_overlap0p35,cube28_cluster0,0.0,0.0,0.0,0.03314917127071823,0.0,0.0022099447513812156,0.0,0.1414364640883978,0.8132596685082873,0.009944751381215469,
joint_no_density_pca2_cubes10_overlap0p35,cube28_cluster1,0.0,0.0,0.0,0.0,0.0,0.0,0.0,0.5,0.5,0.0,
joint_no_density_pca2_cubes10_overlap0p35,cube29_cluster0,0.0024330900243309003,0.0,0.0,0.10218978102189781,0.0,0.0,0.0,0.5085158150851582,0.35766423357664234,0.029197080291970802,
joint_no_density_pca2_cubes10_overlap0p35,cube30_cluster0,0.0035460992907801418,0.0035460992907801418,0.0035460992907801418,0.1347517730496454,0.0,0.0,0.0,0.776595744680851,0.06028368794326241,0.01773049645390071,
joint_no_density_pca2_cubes10_overlap0p35,cube30_cluster1,0.0,0.0,0.0,0.0,0.0,0.0,0.0,0.25,0.75,0.0,
joint_no_density_pca2_cubes10_overlap0p35,cube31_cluster0,0.0,0.0,0.016129032258064516,0.20967741935483872,0.0,0.0,0.0,0.7580645161290323,0.016129032258064516,0.0,
joint_no_density_pca2_cubes10_overlap0p35,cube34_cluster0,0.0,0.0,0.0,0.42168674698795183,0.0,0.0,0.0,0.060240963855421686,0.4939759036144578,0.024096385542168676,
joint_no_density_pca2_cubes10_overlap0p35,cube35_cluster0,0.0,0.008771929824561403,0.0,0.36403508771929827,0.0,0.0,0.0043859649122807015,0.32894736842105265,0.2719298245614035,0.021929824561403508,
joint_no_density_pca2_cubes10_overlap0p35,cube36_cluster0,0.003795066413662239,0.011385199240986717,0.0018975332068311196,0.2827324478178368,0.0,0.0,0.0018975332068311196,0.6470588235294118,0.04364326375711575,0.007590132827324478,
joint_no_density_pca2_cubes10_overlap0p35,cube37_cluster0,0.007194244604316547,0.009592326139088728,0.002398081534772182,0.2422062350119904,0.0,0.0,0.002398081534772182,0.7242206235011991,0.002398081534772182,0.009592326139088728,
joint_no_density_pca2_cubes10_overlap0p35,cube38_cluster0,0.0,0.0,0.0,0.1956521739130435,0.0,0.0,0.021739130434782608,0.782608695652174,0.0,0.0,
joint_no_density_pca2_cubes10_overlap0p35,cube38_cluster1,0.0,0.0,0.0,0.0,0.0,0.0,0.0,1.0,0.0,0.0,
joint_no_density_pca2_cubes10_overlap0p35,cube44_cluster0,0.0,0.04081632653061224,0.0,0.15306122448979592,0.0,0.0,0.01020408163265306,0.7857142857142857,0.01020408163265306,0.0,
joint_no_density_pca2_cubes10_overlap0p35,cube45_cluster0,0.0,0.026923076923076925,0.026923076923076925,0.19615384615384615,0.0,0.0,0.0,0.7384615384615385,0.007692307692307693,0.0038461538461538464,
joint_no_density_pca2_cubes10_overlap0p35,cube46_cluster0,0.009900990099009901,0.019801980198019802,0.06930693069306931,0.297029702970297,0.0,0.0,0.0,0.5742574257425742,0.0,0.0297029702970297,
joint_no_density_pca2_cubes10_overlap0p35,cube50_cluster0,0.0,0.0,1.0,0.0,0.0,0.0,0.0,0.0,0.0,0.0,
joint_no_density_pca2_cubes10_overlap0p35,cube51_cluster0,0.0,0.0,1.0,0.0,0.0,0.0,0.0,0.0,0.0,0.0,
joint_no_density_pca2_cubes10_overlap0p35,cube53_cluster0,0.0,0.07142857142857142,0.0,0.0,0.0,0.0,0.0,0.9285714285714286,0.0,0.0,
joint_no_density_pca2_cubes10_overlap0p35,cube54_cluster0,0.0,0.022727272727272728,0.09090909090909091,0.045454545454545456,0.0,0.0,0.0,0.8409090909090909,0.0,0.0,
joint_no_density_pca2_cubes10_overlap0p35,cube55_cluster0,0.0,0.0,0.36363636363636365,0.18181818181818182,0.0,0.0,0.0,0.45454545454545453,0.0,0.0,
joint_no_density_pca2_cubes10_overlap0p35,cube59_cluster0,0.0,0.0,1.0,0.0,0.0,0.0,0.0,0.0,0.0,0.0,
joint_no_density_pca2_cubes10_overlap0p35,cube60_cluster0,0.0,0.0,1.0,0.0,0.0,0.0,0.0,0.0,0.0,0.0,
joint_no_density_pca2_cubes10_overlap0p35,cube61_cluster0,0.0,0.0,1.0,0.0,0.0,0.0,0.0,0.0,0.0,0.0,
joint_no_density_pca2_cubes10_overlap0p35,cube61_cluster1,0.0,0.0,1.0,0.0,0.0,0.0,0.0,0.0,0.0,0.0,
joint_no_density_pca2_cubes10_overlap0p35,cube62_cluster0,0.0,0.0,1.0,0.0,0.0,0.0,0.0,0.0,0.0,0.0,
joint_no_density_pca2_cubes10_overlap0p35,cube68_cluster0,0.0,0.0,1.0,0.0,0.0,0.0,0.0,0.0,0.0,0.0,
joint_pca2_cubes10_overlap0p35,cube1_cluster0,0.0,0.0,0.0,0.0,0.0,0.0,0.0,0.0,1.0,0.0,
joint_pca2_cubes10_overlap0p35,cube2_cluster0,0.0,0.0,0.0,0.0,0.09090909090909091,0.0,0.0,0.0,0.9090909090909091,0.0,
joint_pca2_cubes10_overlap0p35,cube2_cluster1,0.0,0.0,0.0,0.0,0.0,0.0,0.0,0.0,1.0,0.0,
joint_pca2_cubes10_overlap0p35,cube4_cluster0,0.0,0.0,0.0,0.0,0.0,0.0,0.0,0.006993006993006993,0.986013986013986,0.006993006993006993,
joint_pca2_cubes10_overlap0p35,cube5_cluster0,0.0,0.0,0.0,0.0,0.010526315789473684,0.0,0.0,0.005263157894736842,0.9842105263157894,0.0,
joint_pca2_cubes10_overlap0p35,cube6_cluster0,0.0,0.0,0.0,0.0,0.09090909090909091,0.0,0.0,0.0,0.9090909090909091,0.0,
joint_pca2_cubes10_overlap0p35,cube6_cluster1,0.0,0.0,0.0,0.0,0.0,0.0,0.0,0.0,1.0,0.0,
joint_pca2_cubes10_overlap0p35,cube11_cluster0,0.0,0.0,0.0,0.0,0.0,0.0,0.0,0.0,1.0,0.0,
joint_pca2_cubes10_overlap0p35,cube11_cluster1,0.0,0.0,0.0,0.0,0.0,0.0,0.0,0.0,1.0,0.0,
joint_pca2_cubes10_overlap0p35,cube12_cluster0,0.0,0.0,0.0,0.0,0.004807692307692308,0.0,0.0,0.08653846153846154,0.9038461538461539,0.004807692307692308,
joint_pca2_cubes10_overlap0p35,cube13_cluster0,0.0,0.0,0.0,0.0,0.003875968992248062,0.0,0.0,0.09496124031007752,0.8953488372093024,0.005813953488372093,
joint_pca2_cubes10_overlap0p35,cube14_cluster0,0.0,0.0,0.0,0.0,0.0010626992561105207,0.0,0.0,0.05951115834218916,0.9373007438894793,0.0021253985122210413,
joint_pca2_cubes10_overlap0p35,cube15_cluster0,0.0,0.0,0.0,0.0,0.001384083044982699,0.0,0.0,0.035986159169550176,0.9598615916955018,0.002768166089965398,
joint_pca2_cubes10_overlap0p35,cube16_cluster0,0.0,0.0,0.0,0.0,0.0027624309392265192,0.0,0.0,0.058011049723756904,0.9337016574585635,0.0055248618784530384,
joint_pca2_cubes10_overlap0p35,cube16_cluster1,0.0,0.0,0.0,0.0,0.0,0.0,0.0,0.0,1.0,0.0,
joint_pca2_cubes10_overlap0p35,cube16_cluster2,0.0,0.0,0.0,0.0,0.0,0.0,0.0,0.0,1.0,0.0,
joint_pca2_cubes10_overlap0p35,cube16_cluster3,0.0,0.0,0.0,0.0,0.0,0.0,0.0,0.16666666666666666,0.8333333333333334,0.0,
joint_pca2_cubes10_overlap0p35,cube17_cluster0,0.0,0.0,0.0,0.0,0.0,0.0,0.0,0.0,1.0,0.0,
joint_pca2_cubes10_overlap0p35,cube20_cluster0,0.0,0.0,0.0,0.0,0.0,0.0,0.0,0.0,1.0,0.0,
joint_pca2_cubes10_overlap0p35,cube21_cluster0,0.0,0.0,0.0,0.007692307692307693,0.0,0.0,0.0,0.19615384615384615,0.7807692307692308,0.015384615384615385,
joint_pca2_cubes10_overlap0p35,cube22_cluster0,0.0,0.0,0.0,0.005050505050505051,0.0,0.0,0.0,0.18181818181818182,0.8013468013468014,0.011784511784511785,
joint_pca2_cubes10_overlap0p35,cube22_cluster1,0.0,0.0,0.0,0.14285714285714285,0.0,0.0,0.0,0.7142857142857143,0.0,0.14285714285714285,
joint_pca2_cubes10_overlap0p35,cube23_cluster0,0.0,0.0,0.0,0.002434570906877663,0.0,0.0,0.0,0.11077297626293366,0.8831405964698722,0.0036518563603164943,
joint_pca2_cubes10_overlap0p35,cube24_cluster0,0.0,0.0,0.0,0.00041946308724832214,0.0,0.0008389261744966443,0.0,0.06501677852348993,0.9286912751677853,0.0050335570469798654,
joint_pca2_cubes10_overlap0p35,cube25_cluster0,0.0,0.0,0.0,0.0,0.0,0.0,0.0,0.10396039603960396,0.8877887788778878,0.00825082508250825,
joint_pca2_cubes10_overlap0p35,cube25_cluster1,0.0,0.0,0.0,0.0,0.0,0.0,0.0,0.0,1.0,0.0,
joint_pca2_cubes10_overlap0p35,cube25_cluster2,0.0,0.0,0.0,0.0,0.0,0.0,0.0,0.0,1.0,0.0,
joint_pca2_cubes10_overlap0p35,cube25_cluster3,0.0,0.0,0.0,0.0,0.0,0.0,0.0,0.16666666666666666,0.8333333333333334,0.0,
joint_pca2_cubes10_overlap0p35,cube26_cluster0,0.0,0.0,0.0,0.0,0.0,0.0,0.0,0.0,1.0,0.0,
joint_pca2_cubes10_overlap0p35,cube29_cluster0,0.0,0.0,0.0,0.18421052631578946,0.0,0.0,0.0,0.6578947368421053,0.07894736842105263,0.07894736842105263,
joint_pca2_cubes10_overlap0p35,cube30_cluster0,0.0,0.0,0.0,0.10795454545454546,0.0,0.0,0.0,0.6420454545454546,0.22443181818181818,0.02556818181818182,
joint_pca2_cubes10_overlap0p35,cube31_cluster0,0.0012547051442910915,0.0012547051442910915,0.0012547051442910915,0.04642409033877039,0.0,0.0,0.0,0.36637390213299875,0.5746549560853199,0.00878293601003764,
joint_pca2_cubes10_overlap0p35,cube31_cluster1,0.0,0.0,0.0,0.0,0.0,0.0,0.0,1.0,0.0,0.0,
joint_pca2_cubes10_overlap0p35,cube32_cluster0,0.01818181818181818,0.0,0.01818181818181818,0.2545454545454545,0.0,0.0,0.0,0.6,0.09090909090909091,0.01818181818181818,
joint_pca2_cubes10_overlap0p35,cube32_cluster1,0.0,0.0,0.0,0.02109181141439206,0.0,0.0024813895781637717,0.0,0.12034739454094293,0.8498759305210918,0.00620347394540943,
joint_pca2_cubes10_overlap0p35,cube32_cluster2,0.0,0.0,0.0,0.0,0.0,0.0,0.0,1.0,0.0,0.0,
joint_pca2_cubes10_overlap0p35,cube33_cluster0,0.0,0.0,0.0,0.028901734104046242,0.0,0.0,0.0,0.15606936416184972,0.8034682080924855,0.011560693641618497,
joint_pca2_cubes10_overlap0p35,cube38_cluster0,0.0,0.0,0.0,0.5238095238095238,0.0,0.0,0.0,0.47619047619047616,0.0,0.0,
joint_pca2_cubes10_overlap0p35,cube39_cluster0,0.0,0.0,0.0,0.296875,0.0,0.0,0.0,0.6640625,0.03125,0.0078125,
joint_pca2_cubes10_overlap0p35,cube40_cluster0,0.003401360544217687,0.015306122448979591,0.0,0.23979591836734693,0.0,0.0,0.003401360544217687,0.6462585034013606,0.08503401360544217,0.006802721088435374,
joint_pca2_cubes10_overlap0p35,cube41_cluster0,0.01764705882352941,0.029411764705882353,0.0058823529411764705,0.1588235294117647,0.0,0.0,0.011764705882352941,0.7176470588235294,0.03529411764705882,0.023529411764705882,
joint_pca2_cubes10_overlap0p35,cube41_cluster1,0.0,0.0,0.0,0.46938775510204084,0.0,0.0,0.0,0.09183673469387756,0.41836734693877553,0.02040816326530612,
joint_pca2_cubes10_overlap0p35,cube42_cluster0,0.0,0.0,0.0,0.6190476190476191,0.0,0.0,0.0,0.09523809523809523,0.2857142857142857,0.0,
joint_pca2_cubes10_overlap0p35,cube47_cluster0,0.0,0.0,1.0,0.0,0.0,0.0,0.0,0.0,0.0,0.0,
joint_pca2_cubes10_overlap0p35,cube47_cluster1,0.0,0.0,0.0,0.4177215189873418,0.0,0.0,0.0,0.5822784810126582,0.0,0.0,
joint_pca2_cubes10_overlap0p35,cube48_cluster0,0.0,0.04522613065326633,0.005025125628140704,0.23618090452261306,0.0,0.0,0.005025125628140704,0.6984924623115578,0.005025125628140704,0.005025125628140704,
joint_pca2_cubes10_overlap0p35,cube48_cluster1,0.0,0.0,1.0,0.0,0.0,0.0,0.0,0.0,0.0,0.0,
joint_pca2_cubes10_overlap0p35,cube49_cluster0,0.006289308176100629,0.05660377358490566,0.0440251572327044,0.06289308176100629,0.0,0.0,0.006289308176100629,0.7924528301886793,0.012578616352201259,0.018867924528301886,
joint_pca2_cubes10_overlap0p35,cube50_cluster0,0.0,0.0,0.15,0.05,0.0,0.0,0.0,0.8,0.0,0.0,
joint_pca2_cubes10_overlap0p35,cube54_cluster0,0.0,0.0,1.0,0.0,0.0,0.0,0.0,0.0,0.0,0.0,
joint_pca2_cubes10_overlap0p35,cube55_cluster0,0.0,0.0,1.0,0.0,0.0,0.0,0.0,0.0,0.0,0.0,
joint_pca2_cubes10_overlap0p35,cube55_cluster1,0.0,0.0,0.0,0.0,0.0,0.0,0.0,1.0,0.0,0.0,
joint_pca2_cubes10_overlap0p35,cube56_cluster0,0.0,0.04878048780487805,0.0975609756097561,0.024390243902439025,0.0,0.0,0.0,0.8292682926829268,0.0,0.0,
joint_pca2_cubes10_overlap0p35,cube57_cluster0,0.0,0.0,0.13333333333333333,0.06666666666666667,0.0,0.0,0.0,0.8,0.0,0.0,
joint_pca2_cubes10_overlap0p35,cube61_cluster0,0.0,0.0,1.0,0.0,0.0,0.0,0.0,0.0,0.0,0.0,
joint_pca2_cubes10_overlap0p35,cube62_cluster0,0.0,0.0,1.0,0.0,0.0,0.0,0.0,0.0,0.0,0.0,
thermal_pca2_cubes10_overlap0p35,cube11_cluster0,0.03125,0.09375,0.125,0.09375,0.0,0.0,0.0,0.625,0.0,0.0,0.03125
thermal_pca2_cubes10_overlap0p35,cube11_cluster1,0.0,0.0,0.5,0.1,0.0,0.0,0.0,0.4,0.0,0.0,0.0
thermal_pca2_cubes10_overlap0p35,cube11_cluster2,0.0,0.0,0.25,0.0,0.0,0.0,0.0,0.75,0.0,0.0,0.0
thermal_pca2_cubes10_overlap0p35,cube12_cluster0,0.023809523809523808,0.11904761904761904,0.09523809523809523,0.11904761904761904,0.0,0.0,0.0,0.6190476190476191,0.0,0.0,0.023809523809523808
thermal_pca2_cubes10_overlap0p35,cube12_cluster1,0.0,0.1,0.0,0.0,0.0,0.0,0.0,0.9,0.0,0.0,0.0
thermal_pca2_cubes10_overlap0p35,cube12_cluster2,0.0,0.0,0.0,0.045454545454545456,0.0,0.0,0.0,0.7272727272727273,0.22727272727272727,0.0,0.0
thermal_pca2_cubes10_overlap0p35,cube12_cluster3,0.0,0.1111111111111111,0.1111111111111111,0.0,0.0,0.0,0.0,0.7777777777777778,0.0,0.0,0.0
thermal_pca2_cubes10_overlap0p35,cube12_cluster4,0.0,0.0,0.0,0.0,0.0,0.125,0.0,0.875,0.0,0.0,0.0
thermal_pca2_cubes10_overlap0p35,cube12_cluster5,0.0,0.0,0.0,0.08695652173913043,0.0,0.043478260869565216,0.043478260869565216,0.782608695652174,0.043478260869565216,0.0,0.0
thermal_pca2_cubes10_overlap0p35,cube12_cluster6,0.0,0.0,0.16666666666666666,0.16666666666666666,0.0,0.0,0.0,0.6666666666666666,0.0,0.0,0.0
thermal_pca2_cubes10_overlap0p35,cube12_cluster7,0.0,0.0,0.13333333333333333,0.0,0.0,0.0,0.0,0.8666666666666667,0.0,0.0,0.0
thermal_pca2_cubes10_overlap0p35,cube12_cluster8,0.0,0.0,0.0,0.0,0.0,0.0,0.0,1.0,0.0,0.0,0.0
thermal_pca2_cubes10_overlap0p35,cube12_cluster9,0.0,0.0,0.0,0.2,0.0,0.0,0.0,0.8,0.0,0.0,0.0
thermal_pca2_cubes10_overlap0p35,cube13_cluster0,0.0,0.0,0.0,0.0,0.0,0.0,0.0,1.0,0.0,0.0,0.0
thermal_pca2_cubes10_overlap0p35,cube13_cluster1,0.0,0.0,0.0,0.0,0.0,0.0,0.0,1.0,0.0,0.0,0.0
thermal_pca2_cubes10_overlap0p35,cube13_cluster2,0.0,0.0,0.0,0.0,0.0,0.125,0.0,0.875,0.0,0.0,0.0
thermal_pca2_cubes10_overlap0p35,cube13_cluster3,0.0,0.0,0.0,0.0,0.0,0.0,0.0,1.0,0.0,0.0,0.0
thermal_pca2_cubes10_overlap0p35,cube13_cluster4,0.0,0.0,0.0,0.0,0.0,0.0,0.0,1.0,0.0,0.0,0.0
thermal_pca2_cubes10_overlap0p35,cube13_cluster5,0.0,0.0,0.0,0.2,0.0,0.0,0.0,0.8,0.0,0.0,0.0
thermal_pca2_cubes10_overlap0p35,cube17_cluster0,0.0,0.0,0.25,0.0,0.0,0.0,0.0,0.75,0.0,0.0,0.0
thermal_pca2_cubes10_overlap0p35,cube17_cluster1,0.0,0.0,0.5,0.25,0.0,0.0,0.0,0.25,0.0,0.0,0.0
thermal_pca2_cubes10_overlap0p35,cube18_cluster0,0.004172461752433936,0.011126564673157162,0.0013908205841446453,0.26286509040333794,0.0,0.0,0.0,0.4853963838664812,0.2239221140472879,0.011126564673157162,0.0
thermal_pca2_cubes10_overlap0p35,cube18_cluster1,0.0,0.1,0.0,0.0,0.0,0.0,0.0,0.9,0.0,0.0,0.0
thermal_pca2_cubes10_overlap0p35,cube18_cluster2,0.0,0.1111111111111111,0.1111111111111111,0.0,0.0,0.0,0.0,0.7777777777777778,0.0,0.0,0.0
thermal_pca2_cubes10_overlap0p35,cube18_cluster3,0.0,0.0,0.0,0.0,0.0,0.125,0.0,0.875,0.0,0.0,0.0
thermal_pca2_cubes10_overlap0p35,cube18_cluster4,0.0,0.0,0.0,0.08695652173913043,0.0,0.043478260869565216,0.043478260869565216,0.782608695652174,0.043478260869565216,0.0,0.0
thermal_pca2_cubes10_overlap0p35,cube18_cluster5,0.0,0.0,0.16666666666666666,0.16666666666666666,0.0,0.0,0.0,0.6666666666666666,0.0,0.0,0.0
thermal_pca2_cubes10_overlap0p35,cube18_cluster6,0.25,0.0,0.0,0.0,0.0,0.0,0.0,0.75,0.0,0.0,0.0
thermal_pca2_cubes10_overlap0p35,cube18_cluster7,0.0,0.0,0.13333333333333333,0.0,0.0,0.0,0.0,0.8666666666666667,0.0,0.0,0.0
thermal_pca2_cubes10_overlap0p35,cube18_cluster8,0.0,0.0,0.0,0.2,0.0,0.0,0.0,0.6,0.0,0.2,0.0
thermal_pca2_cubes10_overlap0p35,cube18_cluster9,0.0,0.0,0.0,0.0,0.0,0.0,0.0,1.0,0.0,0.0,0.0
thermal_pca2_cubes10_overlap0p35,cube18_cluster10,0.0,0.0,0.0,0.2,0.0,0.0,0.0,0.8,0.0,0.0,0.0
thermal_pca2_cubes10_overlap0p35,cube18_cluster11,0.0,0.0,0.0,0.6666666666666666,0.0,0.0,0.0,0.3333333333333333,0.0,0.0,0.0
thermal_pca2_cubes10_overlap0p35,cube18_cluster12,0.0,0.0,0.0,0.0,0.0,0.0,0.0,0.5,0.5,0.0,0.0
thermal_pca2_cubes10_overlap0p35,cube18_cluster13,0.0,0.0,0.6,0.2,0.0,0.0,0.0,0.2,0.0,0.0,0.0
thermal_pca2_cubes10_overlap0p35,cube19_cluster0,0.001142857142857143,0.002285714285714286,0.0,0.1337142857142857,0.0,0.0,0.0,0.24114285714285713,0.6102857142857143,0.011428571428571429,0.0
thermal_pca2_cubes10_overlap0p35,cube19_cluster1,0.0,0.0,0.0,0.0,0.0,0.0,0.0,1.0,0.0,0.0,0.0
thermal_pca2_cubes10_overlap0p35,cube19_cluster2,0.0,0.0,0.0,0.0,0.0,0.0,0.0,1.0,0.0,0.0,0.0
thermal_pca2_cubes10_overlap0p35,cube19_cluster3,0.0,0.0,0.0,0.0,0.0,0.125,0.0,0.875,0.0,0.0,0.0
thermal_pca2_cubes10_overlap0p35,cube19_cluster4,0.0,0.0,0.0,0.0,0.0,0.0,0.0,0.75,0.25,0.0,0.0
thermal_pca2_cubes10_overlap0p35,cube19_cluster5,0.0,0.0,0.0,0.0,0.0,0.0,0.0,1.0,0.0,0.0,0.0
thermal_pca2_cubes10_overlap0p35,cube19_cluster6,0.0,0.0,0.0,0.2,0.0,0.0,0.0,0.8,0.0,0.0,0.0
thermal_pca2_cubes10_overlap0p35,cube19_cluster7,0.0,0.0,0.0,0.6666666666666666,0.0,0.0,0.0,0.3333333333333333,0.0,0.0,0.0
thermal_pca2_cubes10_overlap0p35,cube19_cluster8,0.0,0.0,0.0,0.0,0.0,0.0,0.0,0.75,0.25,0.0,0.0
thermal_pca2_cubes10_overlap0p35,cube19_cluster9,0.0,0.0,0.0,0.0,0.0,0.0,0.0,0.5,0.5,0.0,0.0
thermal_pca2_cubes10_overlap0p35,cube26_cluster0,0.002777777777777778,0.006944444444444444,0.0,0.25277777777777777,0.0,0.0,0.0,0.5861111111111111,0.14305555555555555,0.008333333333333333,0.0
thermal_pca2_cubes10_overlap0p35,cube26_cluster1,0.0,0.0,0.0,0.019230769230769232,0.0,0.0,0.0,0.5384615384615384,0.40384615384615385,0.038461538461538464,0.0
thermal_pca2_cubes10_overlap0p35,cube26_cluster2,0.0,0.0,0.0,0.2,0.0,0.0,0.0,0.4,0.4,0.0,0.0
thermal_pca2_cubes10_overlap0p35,cube26_cluster3,0.0,0.0,0.0,0.043478260869565216,0.0,0.0,0.0,0.7391304347826086,0.17391304347826086,0.043478260869565216,0.0
thermal_pca2_cubes10_overlap0p35,cube26_cluster4,0.0,0.0,0.0,0.10526315789473684,0.0,0.0,0.0,0.3684210526315789,0.47368421052631576,0.05263157894736842,0.0
thermal_pca2_cubes10_overlap0p35,cube26_cluster5,0.0,0.0,0.0,0.2,0.0,0.0,0.0,0.56,0.2,0.04,0.0
thermal_pca2_cubes10_overlap0p35,cube26_cluster6,0.0,0.0,0.0,0.0,0.0,0.0,0.0,1.0,0.0,0.0,0.0
thermal_pca2_cubes10_overlap0p35,cube26_cluster7,0.0,0.0,0.07142857142857142,0.2857142857142857,0.0,0.0,0.0,0.5714285714285714,0.07142857142857142,0.0,0.0
thermal_pca2_cubes10_overlap0p35,cube26_cluster8,0.0,0.0,0.0,0.0,0.0,0.0,0.0,0.5,0.5,0.0,0.0
thermal_pca2_cubes10_overlap0p35,cube26_cluster9,0.0,0.0,0.0,0.0,0.0,0.0,0.0,1.0,0.0,0.0,0.0
thermal_pca2_cubes10_overlap0p35,cube27_cluster0,0.0,0.0003341129301703976,0.0,0.03341129301703976,0.0,0.0010023387905111927,0.0,0.12696291346475108,0.8306047444036084,0.007684597393919144,0.0
thermal_pca2_cubes10_overlap0p35,cube27_cluster1,0.0,0.0,0.0,0.08695652173913043,0.0,0.0,0.0,0.8260869565217391,0.08695652173913043,0.0,0.0
thermal_pca2_cubes10_overlap0p35,cube27_cluster2,0.0,0.0,0.0,0.2,0.0,0.0,0.0,0.4,0.4,0.0,0.0
thermal_pca2_cubes10_overlap0p35,cube27_cluster3,0.0,0.0,0.0,0.0,0.0,0.0,0.0,1.0,0.0,0.0,0.0
thermal_pca2_cubes10_overlap0p35,cube27_cluster4,0.0,0.0,0.0,0.0,0.0,0.0,0.0,0.75,0.25,0.0,0.0
thermal_pca2_cubes10_overlap0p35,cube27_cluster5,0.0,0.0,0.0,0.0,0.0,0.0,0.0,0.6666666666666666,0.3333333333333333,0.0,0.0
thermal_pca2_cubes10_overlap0p35,cube27_cluster6,0.0,0.0,0.0,0.0,0.0,0.0,0.0,0.8,0.2,0.0,0.0
thermal_pca2_cubes10_overlap0p35,cube27_cluster7,0.0,0.0,0.0,0.0,0.0,0.0,0.0,0.5,0.5,0.0,0.0
thermal_pca2_cubes10_overlap0p35,cube27_cluster8,0.0,0.0,0.0,0.0,0.0,0.0,0.0,0.0,1.0,0.0,0.0
thermal_pca2_cubes10_overlap0p35,cube28_cluster0,0.0,0.0,0.0,0.0,0.0,0.003875968992248062,0.0,0.003875968992248062,0.9883720930232558,0.003875968992248062,0.0
thermal_pca2_cubes10_overlap0p35,cube28_cluster1,0.0,0.0,0.0,0.0,0.0,0.0,0.0,0.0,1.0,0.0,0.0
thermal_pca2_cubes10_overlap0p35,cube33_cluster0,0.0,0.0,0.0,0.11764705882352941,0.0,0.0,0.0,0.7794117647058824,0.10294117647058823,0.0,0.0
thermal_pca2_cubes10_overlap0p35,cube33_cluster1,0.0,0.0,0.0,0.0,0.002717391304347826,0.0,0.0,0.12771739130434784,0.8668478260869565,0.002717391304347826,0.0
thermal_pca2_cubes10_overlap0p35,cube33_cluster2,0.0,0.0,0.0,0.019230769230769232,0.0,0.0,0.0,0.5384615384615384,0.40384615384615385,0.038461538461538464,0.0
thermal_pca2_cubes10_overlap0p35,cube33_cluster3,0.0,0.0,0.0,0.0,0.0,0.0,0.0,0.5714285714285714,0.42857142857142855,0.0,0.0
thermal_pca2_cubes10_overlap0p35,cube33_cluster4,0.0,0.0,0.0,0.0,0.0,0.0,0.0,0.26666666666666666,0.7333333333333333,0.0,0.0
thermal_pca2_cubes10_overlap0p35,cube33_cluster5,0.0,0.0,0.0,0.10526315789473684,0.0,0.0,0.0,0.3684210526315789,0.47368421052631576,0.05263157894736842,0.0
thermal_pca2_cubes10_overlap0p35,cube33_cluster6,0.0,0.0,0.0,0.0,0.0,0.0,0.0,0.0,1.0,0.0,0.0
thermal_pca2_cubes10_overlap0p35,cube33_cluster7,0.0,0.0,0.0,0.0,0.0,0.0,0.0,0.25,0.75,0.0,0.0
thermal_pca2_cubes10_overlap0p35,cube33_cluster8,0.0,0.0,0.0,0.0,0.0,0.0,0.0,1.0,0.0,0.0,0.0
thermal_pca2_cubes10_overlap0p35,cube33_cluster9,0.0,0.0,0.0,0.0,0.0,0.0,0.0,0.3333333333333333,0.5,0.16666666666666666,0.0
thermal_pca2_cubes10_overlap0p35,cube33_cluster10,0.0,0.0,0.07142857142857142,0.2857142857142857,0.0,0.0,0.0,0.5714285714285714,0.07142857142857142,0.0,0.0
thermal_pca2_cubes10_overlap0p35,cube33_cluster11,0.0,0.0,0.0,0.0,0.0,0.0,0.0,0.75,0.25,0.0,0.0
thermal_pca2_cubes10_overlap0p35,cube33_cluster12,0.0,0.0,0.0,0.0,0.0,0.0,0.0,0.75,0.25,0.0,0.0
thermal_pca2_cubes10_overlap0p35,cube33_cluster13,0.0,0.0,0.0,0.0,0.0,0.0,0.0,1.0,0.0,0.0,0.0
thermal_pca2_cubes10_overlap0p35,cube33_cluster14,0.0,0.0,0.0,0.0,0.0,0.0,0.0,0.375,0.625,0.0,0.0
thermal_pca2_cubes10_overlap0p35,cube34_cluster0,0.0,0.0,0.0,0.0017793594306049821,0.002135231316725979,0.0007117437722419929,0.0,0.07224199288256228,0.9181494661921709,0.00498220640569395,0.0
thermal_pca2_cubes10_overlap0p35,cube34_cluster1,0.0,0.0,0.0,0.0,0.0,0.0,0.0,0.5714285714285714,0.42857142857142855,0.0,0.0
thermal_pca2_cubes10_overlap0p35,cube34_cluster2,0.0,0.0,0.0,0.0,0.0,0.0,0.0,0.0,1.0,0.0,0.0
thermal_pca2_cubes10_overlap0p35,cube34_cluster3,0.0,0.0,0.0,0.0,0.0,0.0,0.0,0.25,0.75,0.0,0.0
thermal_pca2_cubes10_overlap0p35,cube34_cluster4,0.0,0.0,0.0,0.0,0.0,0.0,0.0,1.0,0.0,0.0,0.0
thermal_pca2_cubes10_overlap0p35,cube34_cluster5,0.0,0.0,0.0,0.0,0.0,0.0,0.0,0.75,0.25,0.0,0.0
thermal_pca2_cubes10_overlap0p35,cube34_cluster6,0.0,0.0,0.0,0.0,0.0,0.0,0.0,0.6666666666666666,0.3333333333333333,0.0,0.0
thermal_pca2_cubes10_overlap0p35,cube34_cluster7,0.0,0.0,0.0,0.0,0.0,0.0,0.0,0.3333333333333333,0.5,0.16666666666666666,0.0
thermal_pca2_cubes10_overlap0p35,cube34_cluster8,0.0,0.0,0.0,0.0,0.0,0.0,0.0,0.75,0.25,0.0,0.0
thermal_pca2_cubes10_overlap0p35,cube34_cluster9,0.0,0.0,0.0,0.0,0.0,0.0,0.0,0.8,0.2,0.0,0.0
thermal_pca2_cubes10_overlap0p35,cube34_cluster10,0.0,0.0,0.0,0.0,0.0,0.0,0.0,0.75,0.25,0.0,0.0
thermal_pca2_cubes10_overlap0p35,cube34_cluster11,0.0,0.0,0.0,0.0,0.0,0.0,0.0,0.375,0.625,0.0,0.0
thermal_pca2_cubes10_overlap0p35,cube35_cluster0,0.0,0.0,0.0,0.0,0.00851063829787234,0.00425531914893617,0.0,0.00425531914893617,0.9787234042553191,0.00425531914893617,0.0
thermal_pca2_cubes10_overlap0p35,cube35_cluster1,0.0,0.0,0.0,0.0,0.0,0.0,0.0,0.0,1.0,0.0,0.0
thermal_pca2_cubes10_overlap0p35,cube39_cluster0,0.0,0.0,0.0,0.0,0.0,0.0,0.0,0.0,1.0,0.0,0.0
thermal_pca2_cubes10_overlap0p35,cube39_cluster1,0.0,0.0,0.0,0.0,0.0,0.0,0.0,0.0,1.0,0.0,0.0
thermal_pca2_cubes10_overlap0p35,cube40_cluster0,0.0,0.0,0.0,0.0,0.004195804195804196,0.0,0.0,0.05874125874125874,0.9356643356643357,0.0013986013986013986,0.0
thermal_pca2_cubes10_overlap0p35,cube40_cluster1,0.0,0.0,0.0,0.0,0.0,0.0,0.0,0.0,1.0,0.0,0.0
thermal_pca2_cubes10_overlap0p35,cube40_cluster2,0.0,0.0,0.0,0.0,0.0,0.0,0.0,0.25,0.75,0.0,0.0
thermal_pca2_cubes10_overlap0p35,cube40_cluster3,0.0,0.0,0.0,0.0,0.0,0.0,0.0,0.0,1.0,0.0,0.0
thermal_pca2_cubes10_overlap0p35,cube40_cluster4,0.0,0.0,0.0,0.0,0.0,0.0,0.0,0.375,0.625,0.0,0.0
thermal_pca2_cubes10_overlap0p35,cube40_cluster5,0.0,0.0,0.0,0.0,0.0,0.0,0.0,0.0,1.0,0.0,0.0
thermal_pca2_cubes10_overlap0p35,cube41_cluster0,0.0,0.0,0.0,0.0,0.006060606060606061,0.0,0.0,0.06303030303030303,0.9296969696969697,0.0012121212121212121,0.0
thermal_pca2_cubes10_overlap0p35,cube41_cluster1,0.0,0.0,0.0,0.0,0.0,0.0,0.0,0.0,1.0,0.0,0.0
thermal_pca2_cubes10_overlap0p35,cube41_cluster2,0.0,0.0,0.0,0.0,0.0,0.0,0.0,0.25,0.75,0.0,0.0
thermal_pca2_cubes10_overlap0p35,cube41_cluster3,0.0,0.0,0.0,0.0,0.0,0.0,0.0,0.375,0.625,0.0,0.0
thermal_pca2_cubes10_overlap0p35,cube42_cluster0,0.0,0.0,0.0,0.0,0.0,0.0,0.0,0.0,1.0,0.0,0.0
thermal_pca2_cubes10_overlap0p35,cube46_cluster0,0.0,0.0,0.0,0.0,0.05263157894736842,0.0,0.0,0.0,0.9473684210526315,0.0,0.0
thermal_pca2_cubes10_overlap0p35,cube46_cluster1,0.0,0.0,0.0,0.0,0.0,0.0,0.0,0.0,1.0,0.0,0.0
thermal_pca2_cubes10_overlap0p35,cube46_cluster2,0.0,0.0,0.0,0.0,0.0,0.0,0.0,0.0,1.0,0.0,0.0
thermal_pca2_cubes10_overlap0p35,cube46_cluster3,0.0,0.0,0.0,0.0,0.0,0.0,0.0,0.0,1.0,0.0,0.0
thermal_pca2_cubes10_overlap0p35,cube46_cluster4,0.0,0.0,0.0,0.0,0.0,0.0,0.0,0.0,1.0,0.0,0.0
thermal_pca2_cubes10_overlap0p35,cube46_cluster5,0.0,0.0,0.0,0.0,0.0,0.0,0.0,0.0,1.0,0.0,0.0
thermal_pca2_cubes10_overlap0p35,cube47_cluster0,0.0,0.0,0.0,0.0,0.009259259259259259,0.0,0.0,0.009259259259259259,0.9722222222222222,0.009259259259259259,0.0
thermal_pca2_cubes10_overlap0p35,cube47_cluster1,0.0,0.0,0.0,0.0,0.0,0.0,0.0,0.0,1.0,0.0,0.0
thermal_pca2_cubes10_overlap0p35,cube47_cluster2,0.0,0.0,0.0,0.0,0.0,0.0,0.0,0.0,1.0,0.0,0.0
thermal_pca2_cubes10_overlap0p35,cube47_cluster3,0.0,0.0,0.0,0.0,0.0,0.0,0.0,0.0,1.0,0.0,0.0
thermal_pca2_cubes10_overlap0p35,cube47_cluster4,0.0,0.0,0.0,0.0,0.0,0.0,0.0,0.0,1.0,0.0,0.0
thermal_pca2_cubes10_overlap0p35,cube47_cluster5,0.0,0.0,0.0,0.0,0.0,0.0,0.0,0.0,1.0,0.0,0.0
thermal_pca2_cubes10_overlap0p35,cube48_cluster0,0.0,0.0,0.0,0.0,0.0,0.0,0.0,0.0,1.0,0.0,0.0
