config_id,node_id,n_members,top_method,top_method_fraction,method_entropy,method_entropy_norm,mean_imputation_fraction,mean_physically_derived_fraction,degree,component_id,lens_1_mean,lens_2_mean,component_n_nodes,is_peripheral
orbital_pca2_cubes10_overlap0p35,cube0_cluster0,36,Transit,0.9722222222222222,0.12693054534140227,0.05512523542674151,0.0,0.0138888888888888,3,0,-1.5398141297345058,-0.0590688470763671,62.0,False
orbital_pca2_cubes10_overlap0p35,cube11_cluster0,4,Radial Velocity,0.75,0.5623351446188083,0.2442190502882155,0.0,0.0,3,0,0.8389683221699059,-0.0517928625163484,62.0,False
orbital_pca2_cubes10_overlap0p35,cube11_cluster1,284,Transit,0.9436619718309859,0.21677025811632547,0.09414212694066373,0.0,0.0246478873239436,3,0,-0.5765835178650038,-0.0588146396602538,62.0,False
orbital_pca2_cubes10_overlap0p35,cube11_cluster2,5,Radial Velocity,0.8,0.5004024235381879,0.21732201127364886,0.0,0.0,3,0,0.9484269052748396,-0.0465655805528958,62.0,False
orbital_pca2_cubes10_overlap0p35,cube11_cluster3,38,Transit,0.8421052631578947,0.5073035688905503,0.22031914061899213,0.0,0.0,1,0,0.0021312532036126,-0.0559209504837122,62.0,True
orbital_pca2_cubes10_overlap0p35,cube11_cluster4,4,Transit,0.75,0.5623351446188083,0.2442190502882155,0.0,0.0,3,0,0.6469895591422823,-0.0474901363144306,62.0,False
orbital_pca2_cubes10_overlap0p35,cube11_cluster5,4,Transit,1.0,-0.0,-0.0,0.0,0.125,1,0,0.2128138224907425,-0.0540702002992699,62.0,True
orbital_pca2_cubes10_overlap0p35,cube12_cluster0,3182,Transit,0.8774355751099937,0.4258342601679018,0.18493746939627345,0.0032998114393463,0.0351979886863607,26,0,-0.1727234302967905,-0.0046270972766224,62.0,False
orbital_pca2_cubes10_overlap0p35,cube12_cluster1,4,Transit,0.75,0.5623351446188083,0.2442190502882155,0.0,0.0,1,0,0.0122732269849254,0.0967419873827912,62.0,True
orbital_pca2_cubes10_overlap0p35,cube13_cluster0,328,Transit,0.8384146341463414,0.46825307945619365,0.20335972854202983,0.0,0.0320121951219512,4,0,-0.4554651864047772,0.0647735530907021,62.0,False
orbital_pca2_cubes10_overlap0p35,cube13_cluster1,54,Transit,0.7037037037037037,0.7193290272061972,0.3124006271884855,0.0,0.0555555555555555,1,0,0.1103998851849185,0.057159748081315,62.0,True
orbital_pca2_cubes10_overlap0p35,cube13_cluster2,6,Radial Velocity,0.5,0.6931471805599453,0.30102999566398114,0.0,0.0,3,0,0.8928571380523976,0.0544821883849906,62.0,False
orbital_pca2_cubes10_overlap0p35,cube13_cluster3,60,Transit,0.6666666666666666,0.6365141682948128,0.27643459094367495,0.0,0.0166666666666666,3,0,0.4505597726961516,0.0499720442396188,62.0,False
orbital_pca2_cubes10_overlap0p35,cube13_cluster5,19,Transit,0.8421052631578947,0.4361623253853443,0.18942289112894561,0.0,0.0,3,0,0.7582842215661467,0.0388096057233314,62.0,False
orbital_pca2_cubes10_overlap0p35,cube13_cluster6,19,Transit,0.6842105263157895,0.6236548495681085,0.2708498597796321,0.0,0.0,3,0,1.003805503552459,0.0422805815641948,62.0,False
orbital_pca2_cubes10_overlap0p35,cube13_cluster7,3,Radial Velocity,0.6666666666666666,0.6365141682948128,0.27643459094367495,0.0,0.0,3,0,0.6850219797836218,0.0503586044276855,62.0,False
orbital_pca2_cubes10_overlap0p35,cube13_cluster8,4,Radial Velocity,0.5,1.0397207708399179,0.4515449934959717,0.0,0.125,1,0,0.2378691239440877,0.0731219063041896,62.0,True
orbital_pca2_cubes10_overlap0p35,cube17_cluster0,6,Radial Velocity,1.0,-0.0,-0.0,0.0,0.0,3,0,1.8242307910646207,-0.0598813197638615,62.0,False
orbital_pca2_cubes10_overlap0p35,cube17_cluster1,4,Radial Velocity,1.0,-0.0,-0.0,0.0,0.0,1,0,1.2491105045203277,-0.0737307138770711,62.0,True
orbital_pca2_cubes10_overlap0p35,cube17_cluster10,5,Radial Velocity,1.0,-0.0,-0.0,0.0,0.0,1,0,1.62531222213605,-0.0515644987187192,62.0,True
orbital_pca2_cubes10_overlap0p35,cube17_cluster12,4,Transit,0.75,0.5623351446188083,0.2442190502882155,0.0,0.0,3,0,0.6469895591422823,-0.0474901363144306,62.0,False
orbital_pca2_cubes10_overlap0p35,cube17_cluster2,8,Radial Velocity,1.0,-0.0,-0.0,0.0,0.0,3,0,1.7103067066663735,-0.0513593189487842,62.0,False
orbital_pca2_cubes10_overlap0p35,cube17_cluster4,4,Radial Velocity,0.75,0.5623351446188083,0.2442190502882155,0.0,0.0,3,0,0.8389683221699059,-0.0517928625163484,62.0,False
orbital_pca2_cubes10_overlap0p35,cube17_cluster5,7,Radial Velocity,0.8571428571428571,0.410116318288409,0.1781112539711337,0.0,0.0714285714285714,3,0,2.09036016743072,-0.0566248002415832,62.0,False
orbital_pca2_cubes10_overlap0p35,cube17_cluster6,5,Radial Velocity,1.0,-0.0,-0.0,0.0,0.0,3,0,1.8981520963633205,-0.0595303184977722,62.0,False
orbital_pca2_cubes10_overlap0p35,cube17_cluster7,5,Radial Velocity,0.8,0.5004024235381879,0.21732201127364886,0.0,0.0,3,0,0.9484269052748396,-0.0465655805528958,62.0,False
orbital_pca2_cubes10_overlap0p35,cube17_cluster9,8,Radial Velocity,0.875,0.37677016125643675,0.16362920197946884,0.0,0.0,1,0,1.5508012762505232,-0.0775557283718941,62.0,True
orbital_pca2_cubes10_overlap0p35,cube18_cluster0,1085,Radial Velocity,0.4377880184331797,1.1067245726741355,0.4806443748991114,0.080184331797235,0.0119815668202764,40,0,1.3232129006063704,0.0007630808892189,62.0,False
orbital_pca2_cubes10_overlap0p35,cube19_cluster0,10,Radial Velocity,0.9,0.3250829733914482,0.14118174150460758,0.0,0.0,3,0,2.19796962141341,0.0393444184410578,62.0,False
orbital_pca2_cubes10_overlap0p35,cube19_cluster1,6,Radial Velocity,0.5,0.6931471805599453,0.30102999566398114,0.0,0.0,3,0,0.8928571380523976,0.0544821883849906,62.0,False
orbital_pca2_cubes10_overlap0p35,cube19_cluster10,19,Transit,0.6842105263157895,0.6236548495681085,0.2708498597796321,0.0,0.0,3,0,1.003805503552459,0.0422805815641948,62.0,False
orbital_pca2_cubes10_overlap0p35,cube19_cluster11,3,Radial Velocity,0.6666666666666666,0.6365141682948128,0.27643459094367495,0.0,0.0,3,0,0.6850219797836218,0.0503586044276855,62.0,False
orbital_pca2_cubes10_overlap0p35,cube19_cluster2,27,Transit,0.6666666666666666,0.6365141682948128,0.27643459094367495,0.0,0.0,1,0,1.2245872332693792,0.0470829237092879,62.0,True
orbital_pca2_cubes10_overlap0p35,cube19_cluster3,34,Transit,0.5882352941176471,0.6774944044487072,0.2942320813724034,0.0,0.0147058823529411,3,0,0.5222372659848339,0.0524212533130462,62.0,False
orbital_pca2_cubes10_overlap0p35,cube19_cluster4,6,Radial Velocity,1.0,-0.0,-0.0,0.0,0.0,3,0,1.8364016297469643,0.0479570381488531,62.0,False
orbital_pca2_cubes10_overlap0p35,cube19_cluster5,11,Radial Velocity,0.9090909090909091,0.30463609734923813,0.13230177606731594,0.0,0.0909090909090909,3,0,1.999056998070956,0.0430498836120729,62.0,False
orbital_pca2_cubes10_overlap0p35,cube19_cluster7,9,Radial Velocity,0.6666666666666666,0.6365141682948128,0.27643459094367495,0.0,0.0,3,0,1.689775385404184,0.0463528433984682,62.0,False
orbital_pca2_cubes10_overlap0p35,cube19_cluster8,10,Radial Velocity,0.9,0.3250829733914482,0.14118174150460758,0.0,0.1,3,0,2.096967276870285,0.0415095398070836,62.0,False
orbital_pca2_cubes10_overlap0p35,cube19_cluster9,19,Transit,0.8421052631578947,0.4361623253853443,0.18942289112894561,0.0,0.0,3,0,0.7582842215661467,0.0388096057233314,62.0,False
orbital_pca2_cubes10_overlap0p35,cube1_cluster1,159,Transit,0.9811320754716981,0.10560966453439712,0.04586569454294222,0.0,0.0283018867924528,7,0,-1.5562352898564942,-0.0128122177832726,62.0,False
orbital_pca2_cubes10_overlap0p35,cube24_cluster0,6,Radial Velocity,1.0,-0.0,-0.0,0.0,0.0,3,0,1.8242307910646207,-0.0598813197638615,62.0,False
orbital_pca2_cubes10_overlap0p35,cube24_cluster1,6,Radial Velocity,1.0,-0.0,-0.0,0.0,0.0,3,0,1.7214947497478106,-0.050848723117069,62.0,False
orbital_pca2_cubes10_overlap0p35,cube24_cluster3,7,Radial Velocity,0.8571428571428571,0.410116318288409,0.1781112539711337,0.0,0.0714285714285714,3,0,2.09036016743072,-0.0566248002415832,62.0,False
orbital_pca2_cubes10_overlap0p35,cube24_cluster4,5,Radial Velocity,1.0,-0.0,-0.0,0.0,0.0,3,0,1.8981520963633205,-0.0595303184977722,62.0,False
orbital_pca2_cubes10_overlap0p35,cube25_cluster0,527,Radial Velocity,0.6053130929791272,0.8581560841358264,0.3726924519518921,0.1774193548387097,0.0123339658444022,25,0,2.2071553653699034,0.0029108770307721,62.0,False
orbital_pca2_cubes10_overlap0p35,cube26_cluster0,12,Radial Velocity,0.9166666666666666,0.2868359830561607,0.12457128465258523,0.0,0.0,1,0,2.4317682014458577,0.0486932160948755,62.0,True
orbital_pca2_cubes10_overlap0p35,cube26_cluster10,4,Radial Velocity,1.0,-0.0,-0.0,0.0,0.0,3,0,1.7078691494510505,0.0470945604740393,62.0,False
orbital_pca2_cubes10_overlap0p35,cube26_cluster12,10,Radial Velocity,0.9,0.3250829733914482,0.14118174150460758,0.0,0.1,3,0,2.096967276870285,0.0415095398070836,62.0,False
orbital_pca2_cubes10_overlap0p35,cube26_cluster13,4,Radial Velocity,1.0,-0.0,-0.0,0.0,0.0,1,0,2.7532688403719594,0.0562828623540805,62.0,True
orbital_pca2_cubes10_overlap0p35,cube26_cluster14,6,Radial Velocity,1.0,-0.0,-0.0,0.0,0.0,1,0,2.5344730034550813,0.0381675833289309,62.0,True
orbital_pca2_cubes10_overlap0p35,cube26_cluster3,10,Radial Velocity,0.9,0.3250829733914482,0.14118174150460758,0.0,0.0,3,0,2.19796962141341,0.0393444184410578,62.0,False
orbital_pca2_cubes10_overlap0p35,cube26_cluster4,6,Radial Velocity,1.0,-0.0,-0.0,0.0,0.0,3,0,1.8364016297469643,0.0479570381488531,62.0,False
orbital_pca2_cubes10_overlap0p35,cube26_cluster5,5,Radial Velocity,0.8,0.5004024235381879,0.21732201127364886,0.0,0.0,1,0,2.821875603802597,0.041244736041486,62.0,True
orbital_pca2_cubes10_overlap0p35,cube26_cluster6,11,Radial Velocity,0.9090909090909091,0.30463609734923813,0.13230177606731594,0.0,0.0909090909090909,3,0,1.999056998070956,0.0430498836120729,62.0,False
orbital_pca2_cubes10_overlap0p35,cube26_cluster7,5,Radial Velocity,1.0,-0.0,-0.0,0.0,0.0,1,0,2.5858436471611013,0.0393659156420486,62.0,True
orbital_pca2_cubes10_overlap0p35,cube26_cluster8,9,Radial Velocity,0.8888888888888888,0.34883209584303193,0.15149585433537502,0.0555555555555555,0.0,1,0,2.665081317566806,0.0525453422078086,62.0,True
orbital_pca2_cubes10_overlap0p35,cube2_cluster0,19,Transit,1.0,-0.0,-0.0,0.0,0.0,3,0,-1.5818353443045208,0.0480392433027549,62.0,False
orbital_pca2_cubes10_overlap0p35,cube2_cluster1,8,Transit,1.0,-0.0,-0.0,0.0,0.125,3,0,-1.4703803869469296,0.0604780640233611,62.0,False
orbital_pca2_cubes10_overlap0p35,cube5_cluster0,697,Transit,0.9411764705882353,0.25035744726143266,0.10872885784902458,0.0,0.0229555236728837,5,0,-0.91870720324251,-0.0612509066887032,62.0,False
orbital_pca2_cubes10_overlap0p35,cube6_cluster0,3316,Transit,0.928226779252111,0.28374524730831696,0.12322899517227556,0.0007539203860072,0.0450844390832328,10,0,-0.7978063412814679,-0.0134017920704342,62.0,False
orbital_pca2_cubes10_overlap0p35,cube7_cluster0,463,Transit,0.8747300215982722,0.4087322848916364,0.17751017590414553,0.0,0.0485961123110151,5,0,-0.7767109183637144,0.0650933657047046,62.0,False
orbital_pca2_cubes10_overlap0p35,cube7_cluster4,19,Transit,1.0,-0.0,-0.0,0.0,0.0,3,0,-1.5818353443045208,0.0480392433027549,62.0,False
orbital_pca2_cubes10_overlap0p35,cube0_cluster1,12,Transit,1.0,-0.0,-0.0,0.0,0.0,3,1,-1.769958904792933,-0.0598157692732842,12.0,False
orbital_pca2_cubes10_overlap0p35,cube0_cluster2,5,Transit,1.0,-0.0,-0.0,0.0,0.0,3,1,-1.906060995556096,-0.0493787258101854,12.0,False
orbital_pca2_cubes10_overlap0p35,cube0_cluster3,8,Transit,1.0,-0.0,-0.0,0.0,0.125,3,1,-1.9791145679363424,-0.0492306680206573,12.0,False
orbital_pca2_cubes10_overlap0p35,cube1_cluster0,110,Transit,0.990909090909091,0.05178110067444651,0.02248824628978887,0.0,0.0681818181818181,9,1,-1.877868958153695,-0.0236728645347159,12.0,False
orbital_pca2_cubes10_overlap0p35,cube1_cluster5,3,Transit,1.0,-0.0,-0.0,0.0,0.1666666666666666,3,1,-1.922090201010061,0.0610722373601728,12.0,False
orbital_pca2_cubes10_overlap0p35,cube2_cluster3,4,Transit,1.0,-0.0,-0.0,0.0,0.125,5,1,-1.9288150122528696,0.0583029189215929,12.0,False
orbital_pca2_cubes10_overlap0p35,cube5_cluster1,12,Transit,1.0,-0.0,-0.0,0.0,0.0,3,1,-1.769958904792933,-0.0598157692732842,12.0,False
orbital_pca2_cubes10_overlap0p35,cube5_cluster2,5,Transit,1.0,-0.0,-0.0,0.0,0.0,3,1,-1.906060995556096,-0.0493787258101854,12.0,False
orbital_pca2_cubes10_overlap0p35,cube5_cluster3,8,Transit,1.0,-0.0,-0.0,0.0,0.125,3,1,-1.9791145679363424,-0.0492306680206573,12.0,False
orbital_pca2_cubes10_overlap0p35,cube6_cluster1,110,Transit,0.990909090909091,0.05178110067444651,0.02248824628978887,0.0,0.0681818181818181,9,1,-1.877868958153695,-0.0236728645347159,12.0,False
orbital_pca2_cubes10_overlap0p35,cube6_cluster4,3,Transit,1.0,-0.0,-0.0,0.0,0.1666666666666666,3,1,-1.922090201010061,0.0610722373601728,12.0,False
orbital_pca2_cubes10_overlap0p35,cube7_cluster6,4,Transit,1.0,-0.0,-0.0,0.0,0.125,5,1,-1.9288150122528696,0.0583029189215929,12.0,False
orbital_pca2_cubes10_overlap0p35,cube1_cluster2,17,Transit,1.0,-0.0,-0.0,0.0,0.0588235294117647,1,2,-2.1145456858238325,-0.0200210718370453,2.0,True
orbital_pca2_cubes10_overlap0p35,cube6_cluster2,12,Transit,1.0,-0.0,-0.0,0.0,0.0833333333333333,1,2,-2.10437753804411,-0.0212788678397099,2.0,True
orbital_pca2_cubes10_overlap0p35,cube1_cluster3,5,Transit,1.0,-0.0,-0.0,0.0,0.0,0,3,-2.356813168066376,-0.023884361195988,1.0,True
orbital_pca2_cubes10_overlap0p35,cube1_cluster4,4,Transit,1.0,-0.0,-0.0,0.0,0.0,1,4,-1.870674742471308,0.0346593794411116,2.0,True
orbital_pca2_cubes10_overlap0p35,cube6_cluster3,4,Transit,1.0,-0.0,-0.0,0.0,0.0,1,4,-1.870674742471308,0.0346593794411116,2.0,True
orbital_pca2_cubes10_overlap0p35,cube2_cluster2,7,Transit,0.8571428571428571,0.410116318288409,0.1781112539711337,0.0,0.0714285714285714,1,5,-1.4910274939124757,0.1541548913034832,2.0,True
orbital_pca2_cubes10_overlap0p35,cube7_cluster5,7,Transit,0.8571428571428571,0.410116318288409,0.1781112539711337,0.0,0.0714285714285714,1,5,-1.4910274939124757,0.1541548913034832,2.0,True
orbital_pca2_cubes10_overlap0p35,cube7_cluster1,6,Transit,0.6666666666666666,0.6365141682948128,0.27643459094367495,0.0,0.0,1,6,-1.2459220152563155,0.2157692216016281,2.0,True
orbital_pca2_cubes10_overlap0p35,cube8_cluster0,6,Transit,0.6666666666666666,0.6365141682948128,0.27643459094367495,0.0,0.0,1,6,-1.2459220152563155,0.2157692216016281,2.0,True
orbital_pca2_cubes10_overlap0p35,cube13_cluster4,6,Radial Velocity,0.5,0.6931471805599453,0.30102999566398114,0.0,0.0833333333333333,1,7,-0.3102788707979643,0.153047256176717,2.0,True
orbital_pca2_cubes10_overlap0p35,cube7_cluster2,6,Radial Velocity,0.5,0.6931471805599453,0.30102999566398114,0.0,0.0833333333333333,1,7,-0.3102788707979643,0.153047256176717,2.0,True
orbital_pca2_cubes10_overlap0p35,cube7_cluster3,4,Transit,1.0,-0.0,-0.0,0.0,0.0,0,8,-1.3873851148752794,0.1307608887901973,1.0,True
orbital_pca2_cubes10_overlap0p35,cube13_cluster9,4,Transit,0.75,0.5623351446188083,0.2442190502882155,0.0,0.0,1,9,-0.8013998695474228,0.1431858958597996,2.0,True
orbital_pca2_cubes10_overlap0p35,cube7_cluster7,4,Transit,0.75,0.5623351446188083,0.2442190502882155,0.0,0.0,1,9,-0.8013998695474228,0.1431858958597996,2.0,True
orbital_pca2_cubes10_overlap0p35,cube7_cluster8,4,Transit,1.0,-0.0,-0.0,0.0,0.0,1,10,-1.125657696416721,0.2122713067317151,2.0,True
orbital_pca2_cubes10_overlap0p35,cube8_cluster1,4,Transit,1.0,-0.0,-0.0,0.0,0.0,1,10,-1.125657696416721,0.2122713067317151,2.0,True
orbital_pca2_cubes10_overlap0p35,cube7_cluster9,4,Transit,0.75,0.5623351446188083,0.2442190502882155,0.0,0.125,1,11,-0.9195706470631932,0.2004526543343854,2.0,True
orbital_pca2_cubes10_overlap0p35,cube8_cluster2,4,Transit,0.75,0.5623351446188083,0.2442190502882155,0.0,0.125,1,11,-0.9195706470631932,0.2004526543343854,2.0,True
orbital_pca2_cubes10_overlap0p35,cube17_cluster3,5,Radial Velocity,1.0,-0.0,-0.0,0.0,0.0,3,12,2.005838162843282,-0.063417149205169,4.0,False
orbital_pca2_cubes10_overlap0p35,cube18_cluster1,5,Radial Velocity,1.0,-0.0,-0.0,0.0,0.0,3,12,2.005838162843282,-0.063417149205169,4.0,False
orbital_pca2_cubes10_overlap0p35,cube24_cluster2,5,Radial Velocity,1.0,-0.0,-0.0,0.0,0.0,3,12,2.005838162843282,-0.063417149205169,4.0,False
orbital_pca2_cubes10_overlap0p35,cube25_cluster3,5,Radial Velocity,1.0,-0.0,-0.0,0.0,0.0,3,12,2.005838162843282,-0.063417149205169,4.0,False
orbital_pca2_cubes10_overlap0p35,cube17_cluster8,5,Radial Velocity,0.8,0.5004024235381879,0.21732201127364886,0.0,0.0,3,13,2.2181888278264945,-0.0646041165724026,4.0,False
orbital_pca2_cubes10_overlap0p35,cube18_cluster2,5,Radial Velocity,0.8,0.5004024235381879,0.21732201127364886,0.0,0.0,3,13,2.2181888278264945,-0.0646041165724026,4.0,False
orbital_pca2_cubes10_overlap0p35,cube24_cluster5,5,Radial Velocity,0.8,0.5004024235381879,0.21732201127364886,0.0,0.0,3,13,2.2181888278264945,-0.0646041165724026,4.0,False
orbital_pca2_cubes10_overlap0p35,cube25_cluster7,5,Radial Velocity,0.8,0.5004024235381879,0.21732201127364886,0.0,0.0,3,13,2.2181888278264945,-0.0646041165724026,4.0,False
orbital_pca2_cubes10_overlap0p35,cube17_cluster11,4,Radial Velocity,1.0,-0.0,-0.0,0.0,0.125,3,14,2.3191770670455694,-0.0485621184370541,4.0,False
orbital_pca2_cubes10_overlap0p35,cube18_cluster3,4,Radial Velocity,1.0,-0.0,-0.0,0.0,0.125,3,14,2.3191770670455694,-0.0485621184370541,4.0,False
orbital_pca2_cubes10_overlap0p35,cube24_cluster6,4,Radial Velocity,1.0,-0.0,-0.0,0.0,0.125,3,14,2.3191770670455694,-0.0485621184370541,4.0,False
orbital_pca2_cubes10_overlap0p35,cube25_cluster8,4,Radial Velocity,1.0,-0.0,-0.0,0.0,0.125,3,14,2.3191770670455694,-0.0485621184370541,4.0,False
orbital_pca2_cubes10_overlap0p35,cube19_cluster6,4,Radial Velocity,0.5,0.6931471805599453,0.30102999566398114,0.0,0.0,1,15,1.806659549342908,0.1035662878941502,2.0,True
orbital_pca2_cubes10_overlap0p35,cube26_cluster9,4,Radial Velocity,0.5,0.6931471805599453,0.30102999566398114,0.0,0.0,1,15,1.806659549342908,0.1035662878941502,2.0,True
orbital_pca2_cubes10_overlap0p35,cube25_cluster1,10,Radial Velocity,1.0,-0.0,-0.0,0.0,0.0,3,16,3.60102110652153,0.0587536631819645,4.0,False
orbital_pca2_cubes10_overlap0p35,cube26_cluster1,10,Radial Velocity,1.0,-0.0,-0.0,0.0,0.0,3,16,3.60102110652153,0.0587536631819645,4.0,False
orbital_pca2_cubes10_overlap0p35,cube32_cluster0,10,Radial Velocity,1.0,-0.0,-0.0,0.0,0.0,3,16,3.60102110652153,0.0587536631819645,4.0,False
orbital_pca2_cubes10_overlap0p35,cube33_cluster0,10,Radial Velocity,1.0,-0.0,-0.0,0.0,0.0,3,16,3.60102110652153,0.0587536631819645,4.0,False
orbital_pca2_cubes10_overlap0p35,cube25_cluster2,33,Radial Velocity,0.8484848484848485,0.5011468423941993,0.21764530827503936,0.0606060606060606,0.0,3,17,3.048274070350421,0.0406719476420193,4.0,False
orbital_pca2_cubes10_overlap0p35,cube26_cluster2,25,Radial Velocity,0.92,0.33422114621338295,0.1451503995358521,0.02,0.0,3,17,3.0425716703635084,0.0514730022867563,4.0,False
orbital_pca2_cubes10_overlap0p35,cube32_cluster1,33,Radial Velocity,0.8484848484848485,0.5011468423941993,0.21764530827503936,0.0606060606060606,0.0,3,17,3.048274070350421,0.0406719476420193,4.0,False
orbital_pca2_cubes10_overlap0p35,cube33_cluster1,25,Radial Velocity,0.92,0.33422114621338295,0.1451503995358521,0.02,0.0,3,17,3.0425716703635084,0.0514730022867563,4.0,False
orbital_pca2_cubes10_overlap0p35,cube25_cluster4,4,Microlensing,0.5,1.0397207708399179,0.4515449934959717,0.25,0.0,0,18,2.959282582548984,-0.0149681433127039,1.0,True
orbital_pca2_cubes10_overlap0p35,cube25_cluster5,22,Radial Velocity,0.6818181818181818,0.9295776887159248,0.40371046070970484,0.0909090909090909,0.0,1,19,2.908393887646449,0.0153834681961571,2.0,True
orbital_pca2_cubes10_overlap0p35,cube26_cluster11,8,Radial Velocity,0.875,0.37677016125643675,0.16362920197946884,0.0,0.0,1,19,2.9330215381018885,0.0394497300890184,2.0,True
orbital_pca2_cubes10_overlap0p35,cube25_cluster6,9,Radial Velocity,0.6666666666666666,1.0027182645175161,0.4354750091835624,0.0555555555555555,0.0,1,20,3.453767102895336,0.0087853645697609,2.0,True
orbital_pca2_cubes10_overlap0p35,cube32_cluster4,9,Radial Velocity,0.6666666666666666,1.0027182645175161,0.4354750091835624,0.0555555555555555,0.0,1,20,3.453767102895336,0.0087853645697609,2.0,True
orbital_pca2_cubes10_overlap0p35,cube32_cluster2,7,Radial Velocity,1.0,-0.0,-0.0,0.0,0.0,1,21,3.699709512847136,0.0502619841958724,2.0,True
orbital_pca2_cubes10_overlap0p35,cube33_cluster2,6,Radial Velocity,1.0,-0.0,-0.0,0.0,0.0,1,21,3.70060463444298,0.0543522852292921,2.0,True
orbital_pca2_cubes10_overlap0p35,cube32_cluster3,6,Radial Velocity,0.8333333333333334,0.45056120886630463,0.19567624677029458,0.0833333333333333,0.0,1,22,3.956933749473337,0.0428678834769467,2.0,True
orbital_pca2_cubes10_overlap0p35,cube33_cluster3,5,Radial Velocity,1.0,-0.0,-0.0,0.0,0.0,1,22,3.955427072840509,0.0490838326937918,2.0,True
orbital_pca2_cubes10_overlap0p35,cube32_cluster5,4,Imaging,0.5,1.0397207708399179,0.4515449934959717,0.375,0.0,0,23,3.765573345506807,0.0073174333307801,1.0,True
phys_min_pca2_cubes10_overlap0p35,cube0_cluster0,5,Transit,1.0,-0.0,-0.0,0.0,0.0,3,0,-1.8300630681366865,0.0460450960786971,4.0,False
phys_min_pca2_cubes10_overlap0p35,cube1_cluster0,5,Transit,1.0,-0.0,-0.0,0.0,0.0,3,0,-1.8300630681366865,0.0460450960786971,4.0,False
phys_min_pca2_cubes10_overlap0p35,cube5_cluster1,5,Transit,1.0,-0.0,-0.0,0.0,0.0,3,0,-1.8300630681366865,0.0460450960786971,4.0,False
phys_min_pca2_cubes10_overlap0p35,cube6_cluster1,5,Transit,1.0,-0.0,-0.0,0.0,0.0,3,0,-1.8300630681366865,0.0460450960786971,4.0,False
phys_min_pca2_cubes10_overlap0p35,cube12_cluster0,78,Transit,0.9615384615384616,0.18750494365955103,0.07819563505821114,0.0,0.0,3,1,-0.8898913274256613,-0.0894365559886058,33.0,False
phys_min_pca2_cubes10_overlap0p35,cube13_cluster0,659,Transit,0.9347496206373292,0.29508672517101664,0.1230607226756184,0.0,0.0,4,1,-1.015328118382523,-0.0652949605984695,33.0,False
phys_min_pca2_cubes10_overlap0p35,cube20_cluster0,166,Transit,0.9337349397590361,0.28363890691974086,0.11828661165369873,0.0,0.0,5,1,-0.7338988683061037,-0.1171046895983393,33.0,False
phys_min_pca2_cubes10_overlap0p35,cube21_cluster0,2323,Transit,0.9220835126990959,0.32578968543115083,0.13586485161670578,0.0002152389151958,0.0,7,1,-0.6369887173885341,-0.0306430258949511,33.0,False
phys_min_pca2_cubes10_overlap0p35,cube22_cluster0,538,Transit,0.9144981412639405,0.3371128842747855,0.14058699230903898,0.0009293680297397,0.0,3,1,-0.431745129832438,0.0239765798524933,33.0,False
phys_min_pca2_cubes10_overlap0p35,cube30_cluster0,47,Transit,0.9361702127659575,0.2780063622733909,0.11593765809002757,0.0,0.0,3,1,-0.4902542216289763,-0.1527029365687538,33.0,False
phys_min_pca2_cubes10_overlap0p35,cube30_cluster1,44,Transit,0.9545454545454546,0.21641408919322774,0.09025168515415191,0.0,0.0,4,1,-0.1898605060146027,-0.1479674721774269,33.0,False
phys_min_pca2_cubes10_overlap0p35,cube31_cluster0,2266,Transit,0.8715798764342454,0.47625010630192843,0.19861172074714473,0.0033097969991173,0.0,9,1,-0.3603897628647231,0.021616929360931,33.0,False
phys_min_pca2_cubes10_overlap0p35,cube32_cluster0,1613,Transit,0.842529448233106,0.5289294038331046,0.22058069417512052,0.0003099814011159,0.0,5,1,-0.2886598939745579,0.0517249052081909,33.0,False
phys_min_pca2_cubes10_overlap0p35,cube40_cluster0,15,Transit,1.0,-0.0,-0.0,0.0,0.0,3,1,-0.1331755124112351,-0.1464296166128901,33.0,False
phys_min_pca2_cubes10_overlap0p35,cube40_cluster3,6,Transit,1.0,-0.0,-0.0,0.0,0.0,1,1,-0.1199023117023126,-0.2340354869617243,33.0,True
phys_min_pca2_cubes10_overlap0p35,cube41_cluster0,288,Transit,0.71875,0.7651117422030788,0.3190763795577214,0.0,0.0,5,1,-0.0883670353592364,0.0663241673911172,33.0,False
phys_min_pca2_cubes10_overlap0p35,cube42_cluster0,592,Transit,0.6486486486486487,0.8972268850079785,0.37417267350500455,0.0,0.0,6,1,0.104648803048464,0.134134653633527,33.0,False
phys_min_pca2_cubes10_overlap0p35,cube43_cluster0,80,Transit,0.5375,1.0779443259348984,0.4495377000668279,0.0,0.0,3,1,0.4625546744998567,0.227561737117887,33.0,False
phys_min_pca2_cubes10_overlap0p35,cube51_cluster0,8,Transit,0.5,0.9743147528693494,0.40632081138902837,0.25,0.0,1,1,0.9102784429649202,-0.0578430587858317,33.0,True
phys_min_pca2_cubes10_overlap0p35,cube51_cluster1,79,Transit,0.9873417721518988,0.0678872387735005,0.028311177532901733,0.0,0.0,3,1,0.8618702113200196,0.0693842290331508,33.0,False
phys_min_pca2_cubes10_overlap0p35,cube51_cluster2,7,Transit,0.8571428571428571,0.410116318288409,0.17103178897792257,0.0,0.0,1,1,0.5926450093654111,0.0971161461753364,33.0,True
phys_min_pca2_cubes10_overlap0p35,cube52_cluster0,723,Transit,0.5477178423236515,1.0297835798179165,0.42945310894088695,0.0,0.0,8,1,0.7298890485924565,0.1978515683648067,33.0,False
phys_min_pca2_cubes10_overlap0p35,cube53_cluster0,409,Transit,0.4889975550122249,1.092640990613346,0.4556666852836412,0.0,0.0,5,1,0.7055420665756031,0.2581172261656912,33.0,False
phys_min_pca2_cubes10_overlap0p35,cube59_cluster0,4,Transit,1.0,-0.0,-0.0,0.0,0.0,4,1,1.3572204727887125,-0.3352832587043755,33.0,False
phys_min_pca2_cubes10_overlap0p35,cube5_cluster0,90,Transit,0.9222222222222223,0.33524344800484135,0.13980737683076896,0.0,0.0,2,1,-1.4178726997872424,-0.0142587922430571,33.0,False
phys_min_pca2_cubes10_overlap0p35,cube60_cluster0,339,Radial Velocity,0.6224188790560472,1.128337738396626,0.4705533853777706,0.0,0.0,5,1,1.290267577176177,-0.1818672379600242,33.0,False
phys_min_pca2_cubes10_overlap0p35,cube60_cluster1,19,Radial Velocity,0.631578947368421,0.9514879602387298,0.3968012994697357,0.4210526315789473,0.0,3,1,1.3509848596724905,-0.0903065210229331,33.0,False
phys_min_pca2_cubes10_overlap0p35,cube60_cluster2,3,Transit,1.0,-0.0,-0.0,0.0,0.0,3,1,1.3474535598945765,-0.3375291295095626,33.0,False
phys_min_pca2_cubes10_overlap0p35,cube61_cluster0,769,Radial Velocity,0.48634590377113135,1.1625520256458137,0.4848218514101754,0.0305591677503251,0.0,10,1,1.112678430327931,-0.0240300842472302,33.0,False
phys_min_pca2_cubes10_overlap0p35,cube62_cluster0,794,Transit,0.5163727959697733,1.0178970048573566,0.4244960221592411,0.0,0.0,7,1,0.9481456488217616,0.1476673120587052,33.0,False
phys_min_pca2_cubes10_overlap0p35,cube63_cluster0,263,Transit,0.5741444866920152,0.995184254080577,0.4150240693869778,0.0,0.0,3,1,0.8800953783055582,0.2640651476353601,33.0,False
phys_min_pca2_cubes10_overlap0p35,cube66_cluster0,189,Radial Velocity,0.5079365079365079,1.3585861867971354,0.5665744464359572,0.0,0.0,4,1,1.5022424412953412,-0.3686571771951086,33.0,False
phys_min_pca2_cubes10_overlap0p35,cube67_cluster0,438,Radial Velocity,0.6232876712328768,1.1901942172940165,0.49634954069743276,0.0,0.0,6,1,1.3478760799588216,-0.2262183163411233,33.0,False
phys_min_pca2_cubes10_overlap0p35,cube67_cluster1,39,Radial Velocity,0.5641025641025641,1.108532627877628,0.46229401277561133,0.3717948717948718,0.0,3,1,1.435834364828264,-0.100242111441295,33.0,False
phys_min_pca2_cubes10_overlap0p35,cube68_cluster0,271,Radial Velocity,0.5498154981549815,1.2427705164176839,0.5182755604532122,0.0682656826568265,0.0,7,1,1.271881961577534,-0.1124450600440436,33.0,False
phys_min_pca2_cubes10_overlap0p35,cube69_cluster0,19,Transit,1.0,-0.0,-0.0,0.0,0.0,3,1,1.2078608988036927,0.0680681400510728,33.0,False
phys_min_pca2_cubes10_overlap0p35,cube6_cluster0,11,Transit,0.9090909090909091,0.30463609734923813,0.12704312019170227,0.0,0.0,1,1,-1.620642818636559,0.0142588505217129,33.0,True
phys_min_pca2_cubes10_overlap0p35,cube11_cluster0,4,Transit,0.75,0.5623351446188083,0.234511970142281,0.0,0.0,3,2,-0.8535728082136975,-0.3358660389210007,4.0,False
phys_min_pca2_cubes10_overlap0p35,cube12_cluster1,4,Transit,0.75,0.5623351446188083,0.234511970142281,0.0,0.0,3,2,-0.8535728082136975,-0.3358660389210007,4.0,False
phys_min_pca2_cubes10_overlap0p35,cube19_cluster0,4,Transit,0.75,0.5623351446188083,0.234511970142281,0.0,0.0,3,2,-0.8535728082136975,-0.3358660389210007,4.0,False
phys_min_pca2_cubes10_overlap0p35,cube20_cluster1,4,Transit,0.75,0.5623351446188083,0.234511970142281,0.0,0.0,3,2,-0.8535728082136975,-0.3358660389210007,4.0,False
phys_min_pca2_cubes10_overlap0p35,cube20_cluster2,4,Transit,1.0,-0.0,-0.0,0.0,0.0,0,3,-0.7877346546873316,-0.2660942683329189,1.0,True
phys_min_pca2_cubes10_overlap0p35,cube21_cluster1,5,Transit,1.0,-0.0,-0.0,0.0,0.0,1,4,-0.7669652529362312,0.0843139655333928,2.0,True
phys_min_pca2_cubes10_overlap0p35,cube22_cluster1,5,Transit,1.0,-0.0,-0.0,0.0,0.0,1,4,-0.7669652529362312,0.0843139655333928,2.0,True
phys_min_pca2_cubes10_overlap0p35,cube29_cluster0,6,Transit,1.0,-0.0,-0.0,0.0,0.0,3,5,-0.0842110643561893,-0.3239983671214066,4.0,False
phys_min_pca2_cubes10_overlap0p35,cube30_cluster3,6,Transit,1.0,-0.0,-0.0,0.0,0.0,3,5,-0.0842110643561893,-0.3239983671214066,4.0,False
phys_min_pca2_cubes10_overlap0p35,cube39_cluster0,6,Transit,1.0,-0.0,-0.0,0.0,0.0,3,5,-0.0842110643561893,-0.3239983671214066,4.0,False
phys_min_pca2_cubes10_overlap0p35,cube40_cluster4,6,Transit,1.0,-0.0,-0.0,0.0,0.0,3,5,-0.0842110643561893,-0.3239983671214066,4.0,False
phys_min_pca2_cubes10_overlap0p35,cube30_cluster2,3,Transit,1.0,-0.0,-0.0,0.0,0.0,0,6,-0.3280272196764572,-0.1985757967510146,1.0,True
phys_min_pca2_cubes10_overlap0p35,cube32_cluster1,9,Transit,1.0,-0.0,-0.0,0.0,0.0,3,7,0.0164267425190384,0.2079893258164185,4.0,False
phys_min_pca2_cubes10_overlap0p35,cube33_cluster0,6,Transit,1.0,-0.0,-0.0,0.0,0.0,3,7,0.0077237004072777,0.2160050954737869,4.0,False
phys_min_pca2_cubes10_overlap0p35,cube42_cluster1,9,Transit,1.0,-0.0,-0.0,0.0,0.0,3,7,0.0164267425190384,0.2079893258164185,4.0,False
phys_min_pca2_cubes10_overlap0p35,cube43_cluster1,6,Transit,1.0,-0.0,-0.0,0.0,0.0,3,7,0.0077237004072777,0.2160050954737869,4.0,False
phys_min_pca2_cubes10_overlap0p35,cube40_cluster1,7,Transit,1.0,-0.0,-0.0,0.0,0.0,0,8,0.0875727203684331,-0.2294925404972301,1.0,True
phys_min_pca2_cubes10_overlap0p35,cube40_cluster2,5,Transit,1.0,-0.0,-0.0,0.0,0.0,0,9,0.182444122115994,-0.2155530499906024,1.0,True
phys_min_pca2_cubes10_overlap0p35,cube41_cluster1,5,Transit,0.8,0.5004024235381879,0.20868401936261904,0.0,0.0,0,10,0.170773875497354,-0.0416084217833189,1.0,True
phys_min_pca2_cubes10_overlap0p35,cube41_cluster2,7,Transit,1.0,-0.0,-0.0,0.0,0.0,2,11,0.294940576359373,0.0159979684277804,3.0,True
phys_min_pca2_cubes10_overlap0p35,cube42_cluster3,4,Transit,1.0,-0.0,-0.0,0.0,0.0,2,11,0.2863838286330869,0.0282959763844387,3.0,True
phys_min_pca2_cubes10_overlap0p35,cube51_cluster3,6,Transit,1.0,-0.0,-0.0,0.0,0.0,2,11,0.3001269934644703,0.0153083285616852,3.0,True
phys_min_pca2_cubes10_overlap0p35,cube41_cluster3,5,Transit,1.0,-0.0,-0.0,0.0,0.0,1,12,0.1864984270499861,0.0813098704827662,2.0,True
phys_min_pca2_cubes10_overlap0p35,cube42_cluster2,5,Transit,1.0,-0.0,-0.0,0.0,0.0,1,12,0.1864984270499861,0.0813098704827662,2.0,True
phys_min_pca2_cubes10_overlap0p35,cube61_cluster1,7,Transit,1.0,-0.0,-0.0,0.0,0.0,3,13,1.329871786822981,0.0353001311401131,4.0,False
phys_min_pca2_cubes10_overlap0p35,cube62_cluster1,5,Transit,1.0,-0.0,-0.0,0.0,0.0,3,13,1.3262705422986278,0.0499299420229639,4.0,False
phys_min_pca2_cubes10_overlap0p35,cube68_cluster1,7,Transit,1.0,-0.0,-0.0,0.0,0.0,3,13,1.329871786822981,0.0353001311401131,4.0,False
phys_min_pca2_cubes10_overlap0p35,cube69_cluster1,5,Transit,1.0,-0.0,-0.0,0.0,0.0,3,13,1.3262705422986278,0.0499299420229639,4.0,False
phys_min_pca2_cubes10_overlap0p35,cube67_cluster2,4,Imaging,0.5,0.6931471805599453,0.2890648263178878,0.0,0.0,0,14,1.5439919667218285,-0.2263068159244549,1.0,True
joint_no_density_pca2_cubes10_overlap0p35,cube10_cluster0,30,Transit,0.7,0.6108643020548935,0.2652949955741215,0.0833333333333333,0.0222222222222222,3,0,-0.9067145868192223,-1.640061661080232,47.0,False
joint_no_density_pca2_cubes10_overlap0p35,cube11_cluster0,303,Transit,0.933993399339934,0.24318456292152735,0.10561371376087346,0.044004400440044,0.0187018701870187,7,0,-1.0777631168781472,-0.9784247093318428,47.0,False
joint_no_density_pca2_cubes10_overlap0p35,cube12_cluster0,1259,Transit,0.9563145353455124,0.19024925543167928,0.08262420182018057,0.0415673815197246,0.0211808313476303,10,0,-1.1520127310654482,-0.3446415394526346,47.0,False
joint_no_density_pca2_cubes10_overlap0p35,cube12_cluster1,5,Transit,1.0,-0.0,-0.0,0.0,0.0,3,0,-2.739184021695642,-0.0299670284504521,47.0,False
joint_no_density_pca2_cubes10_overlap0p35,cube13_cluster0,1144,Transit,0.9388111888111889,0.24597114787567947,0.10682391222981635,0.0388986013986014,0.0189393939393939,11,0,-1.324836737668785,0.1142396115795548,47.0,False
joint_no_density_pca2_cubes10_overlap0p35,cube14_cluster0,518,Transit,0.88996138996139,0.3841328703827094,0.16682678592486774,0.0463320463320463,0.0086872586872586,8,0,-1.360484649240258,0.9874321370595316,47.0,False
joint_no_density_pca2_cubes10_overlap0p35,cube15_cluster0,400,Transit,0.9375,0.25121474444199604,0.10910117728389447,0.035,0.00375,7,0,-1.4439252197839212,1.6300141677877895,47.0,False
joint_no_density_pca2_cubes10_overlap0p35,cube15_cluster1,4,Transit,1.0,-0.0,-0.0,0.0,0.0833333333333333,1,0,-1.531503769382831,1.2516571219302155,47.0,True
joint_no_density_pca2_cubes10_overlap0p35,cube16_cluster0,98,Transit,0.9795918367346939,0.11376925029391603,0.04940935761291764,0.0119047619047619,0.0068027210884353,5,0,-1.813195317867243,2.219647602716469,47.0,False
joint_no_density_pca2_cubes10_overlap0p35,cube19_cluster0,107,Transit,0.6261682242990654,0.7046670615810562,0.3060330164236316,0.0763239875389408,0.0124610591900311,5,0,-0.2540471491548094,-1.618681209236133,47.0,False
joint_no_density_pca2_cubes10_overlap0p35,cube1_cluster0,8,Transit,1.0,-0.0,-0.0,0.0208333333333333,0.0416666666666666,3,0,-2.445128005822853,-0.720984639701703,47.0,False
joint_no_density_pca2_cubes10_overlap0p35,cube20_cluster0,964,Transit,0.8983402489626556,0.3491999323278774,0.1516556036909861,0.0383817427385892,0.0107192254495159,8,0,-0.1863391058758881,-0.967874602398363,47.0,False
joint_no_density_pca2_cubes10_overlap0p35,cube21_cluster0,2500,Transit,0.9252,0.2913612434657903,0.1265365802776626,0.0419999999999999,0.0154666666666666,8,0,-0.3874797936976493,-0.4541976909947161,47.0,False
joint_no_density_pca2_cubes10_overlap0p35,cube22_cluster0,1237,Transit,0.8666127728375101,0.4492672041027851,0.19511426764194154,0.0634599838318512,0.0185933710590137,10,0,-0.6323018476334287,0.0560013036349492,47.0,False
joint_no_density_pca2_cubes10_overlap0p35,cube23_cluster0,448,Transit,0.78125,0.6124316743722601,0.2659756967226417,0.0859374999999999,0.0070684523809523,10,0,-0.851696881158872,0.9675273984517436,47.0,False
joint_no_density_pca2_cubes10_overlap0p35,cube23_cluster1,4,Radial Velocity,1.0,-0.0,-0.0,0.3333333333333333,0.0,3,0,0.6462859037667729,0.5067599861909997,47.0,False
joint_no_density_pca2_cubes10_overlap0p35,cube24_cluster0,4,Radial Velocity,1.0,-0.0,-0.0,0.3333333333333333,0.0,3,0,0.1827733816135399,1.230764283619965,47.0,False
joint_no_density_pca2_cubes10_overlap0p35,cube24_cluster1,192,Transit,0.8958333333333334,0.3341427913871891,0.14511637046720563,0.0564236111111111,0.0017361111111111,5,0,-1.1532299603165976,1.477592712019157,47.0,False
joint_no_density_pca2_cubes10_overlap0p35,cube25_cluster0,4,Transit,1.0,-0.0,-0.0,0.0,0.0,3,0,-1.3653212382578674,1.9967452672123385,47.0,False
joint_no_density_pca2_cubes10_overlap0p35,cube26_cluster0,29,Transit,0.5862068965517241,0.7969001455127587,0.34608933582408946,0.0919540229885057,0.0,3,0,0.452400523563203,-1.5807007236332131,47.0,False
joint_no_density_pca2_cubes10_overlap0p35,cube27_cluster0,540,Transit,0.8574074074074074,0.5020916972125201,0.2180556535088358,0.041358024691358,0.0043209876543209,7,0,0.7312306515589042,-0.944181722452308,47.0,False
joint_no_density_pca2_cubes10_overlap0p35,cube28_cluster0,905,Transit,0.8132596685082873,0.6170371777627168,0.26797584143150377,0.0662983425414364,0.0058931860036832,8,0,0.7240104957917944,-0.5689120310746032,47.0,False
joint_no_density_pca2_cubes10_overlap0p35,cube29_cluster0,411,Radial Velocity,0.5085158150851582,1.0625288527383825,0.46145041760727235,0.2307380373073803,0.0052716950527169,10,0,1.1732890922608394,0.2168629172464178,47.0,False
joint_no_density_pca2_cubes10_overlap0p35,cube2_cluster0,32,Transit,1.0,-0.0,-0.0,0.0989583333333333,0.0520833333333333,3,0,-2.3715231989651846,-0.1647567930181365,47.0,False
joint_no_density_pca2_cubes10_overlap0p35,cube2_cluster1,10,Transit,1.0,-0.0,-0.0,0.0166666666666666,0.0499999999999999,3,0,-2.4646300741695457,-0.6971013307498732,47.0,False
joint_no_density_pca2_cubes10_overlap0p35,cube2_cluster2,5,Transit,1.0,-0.0,-0.0,0.0,0.0,3,0,-2.170772274998935,-0.1173641329200725,47.0,False
joint_no_density_pca2_cubes10_overlap0p35,cube2_cluster3,5,Transit,1.0,-0.0,-0.0,0.0,0.0,3,0,-2.739184021695642,-0.0299670284504521,47.0,False
joint_no_density_pca2_cubes10_overlap0p35,cube30_cluster0,282,Radial Velocity,0.776595744680851,0.7672730308298069,0.33322244340256874,0.3439716312056737,0.00177304964539,9,0,1.5443800429888814,0.871983414435862,47.0,False
joint_no_density_pca2_cubes10_overlap0p35,cube30_cluster1,4,Transit,0.75,0.5623351446188083,0.2442190502882155,0.0833333333333333,0.0,3,0,0.2281718701439857,0.5257621095107703,47.0,False
joint_no_density_pca2_cubes10_overlap0p35,cube31_cluster0,62,Radial Velocity,0.7580645161290323,0.6706621442810152,0.29126486848264743,0.379032258064516,0.0,5,0,1.5823351785756148,1.4145121070288535,47.0,False
joint_no_density_pca2_cubes10_overlap0p35,cube34_cluster0,83,Transit,0.4939759036144578,0.9715258992388089,0.4219283370655093,0.2289156626506024,0.0040160642570281,3,0,2.055583584231454,-0.9403317991183672,47.0,False
joint_no_density_pca2_cubes10_overlap0p35,cube35_cluster0,228,Microlensing,0.36403508771929827,1.2368403887859016,0.5371529558447896,0.2872807017543859,0.0080409356725146,7,0,2.393844361130418,-0.4249237834301895,47.0,False
joint_no_density_pca2_cubes10_overlap0p35,cube36_cluster0,527,Radial Velocity,0.6470588235294118,0.9084561084523853,0.394537474952173,0.3561037318153067,0.0034788108791903,8,0,2.5594043996844333,0.3722694250353069,47.0,False
joint_no_density_pca2_cubes10_overlap0p35,cube37_cluster0,417,Radial Velocity,0.7242206235011991,0.7451669815034985,0.32362190816347186,0.3760991207034372,0.0027977617905675,8,0,2.396790837243523,0.7953919952756323,47.0,False
joint_no_density_pca2_cubes10_overlap0p35,cube38_cluster0,46,Radial Velocity,0.782608695652174,0.5942565490880964,0.25808234010382913,0.3659420289855072,0.0036231884057971,3,0,1.877745893538613,1.3999725370985014,47.0,False
joint_no_density_pca2_cubes10_overlap0p35,cube38_cluster1,7,Radial Velocity,1.0,-0.0,-0.0,0.3333333333333333,0.0,1,0,2.798281574958267,1.4001786211625504,47.0,True
joint_no_density_pca2_cubes10_overlap0p35,cube3_cluster0,143,Transit,1.0,-0.0,-0.0,0.0221445221445221,0.0104895104895104,8,0,-2.4872547401667644,0.3341317508958875,47.0,False
joint_no_density_pca2_cubes10_overlap0p35,cube44_cluster0,98,Radial Velocity,0.7857142857142857,0.7008965812854049,0.3043955176371053,0.3180272108843537,0.0017006802721088,5,0,3.7176773740921143,-0.1784930639812664,47.0,False
joint_no_density_pca2_cubes10_overlap0p35,cube45_cluster0,260,Radial Velocity,0.7384615384615385,0.7968691112225703,0.3460758578031109,0.3506410256410256,0.0019230769230769,8,0,3.666551586202241,0.2882780311830005,47.0,False
joint_no_density_pca2_cubes10_overlap0p35,cube46_cluster0,101,Radial Velocity,0.5742574257425742,1.0919015234544438,0.474206806418019,0.3844884488448846,0.0016501650165016,5,0,3.4984617711488,0.6519698328095175,47.0,False
joint_no_density_pca2_cubes10_overlap0p35,cube4_cluster0,87,Transit,0.9770114942528736,0.12538677610657334,0.0544547849667233,0.0134099616858237,0.0019157088122605,4,0,-2.6442143563983285,0.7190612856560238,47.0,False
joint_no_density_pca2_cubes10_overlap0p35,cube53_cluster0,14,Radial Velocity,0.9285714285714286,0.25731864054383163,0.11175206567903244,0.3333333333333333,0.0,3,0,4.680719760564967,-0.0039129639143686,47.0,False
joint_no_density_pca2_cubes10_overlap0p35,cube54_cluster0,44,Radial Velocity,0.8409090909090909,0.590202484521994,0.25632168223349133,0.3371212121212121,0.0,5,0,4.711472127147787,0.2601438169922332,47.0,False
joint_no_density_pca2_cubes10_overlap0p35,cube55_cluster0,11,Radial Velocity,0.45454545454545453,1.0361987848192837,0.45001541440186993,0.3636363636363636,0.0,3,0,4.6427176665495296,0.6438916971872911,47.0,False
joint_no_density_pca2_cubes10_overlap0p35,cube5_cluster0,10,Transit,1.0,-0.0,-0.0,0.0166666666666666,0.0,3,0,-2.2680550969389444,2.1501121507327103,47.0,False
joint_no_density_pca2_cubes10_overlap0p35,cube5_cluster1,6,Transit,1.0,-0.0,-0.0,0.0277777777777777,0.0277777777777777,1,0,-2.8532870563335084,1.2483890117267096,47.0,True
joint_no_density_pca2_cubes10_overlap0p35,cube6_cluster0,17,Transit,0.9411764705882353,0.22371807606583377,0.09715952593740355,0.0196078431372549,0.0,3,0,-2.261692677449531,2.321790330168695,47.0,False
joint_no_density_pca2_cubes10_overlap0p35,cube5_cluster2,4,Transit,1.0,-0.0,-0.0,0.0,0.0,0,1,-3.339706653239759,1.3923994613665287,1.0,True
joint_no_density_pca2_cubes10_overlap0p35,cube13_cluster1,3,Transit,1.0,-0.0,-0.0,0.0,0.0,1,2,-0.8499693925272581,0.6128147605736771,2.0,True
joint_no_density_pca2_cubes10_overlap0p35,cube22_cluster1,3,Transit,1.0,-0.0,-0.0,0.0,0.0,1,2,-0.8499693925272581,0.6128147605736771,2.0,True
joint_no_density_pca2_cubes10_overlap0p35,cube19_cluster1,3,Radial Velocity,0.6666666666666666,0.6365141682948128,0.27643459094367495,0.0555555555555555,0.0,0,3,-0.6142735279195667,-2.1365466101740123,1.0,True
joint_no_density_pca2_cubes10_overlap0p35,cube26_cluster1,4,Radial Velocity,1.0,-0.0,-0.0,0.25,0.0,1,4,1.0459258768769577,-1.5766514799534206,2.0,True
joint_no_density_pca2_cubes10_overlap0p35,cube27_cluster1,4,Radial Velocity,1.0,-0.0,-0.0,0.25,0.0,1,4,1.0459258768769577,-1.5766514799534206,2.0,True
joint_no_density_pca2_cubes10_overlap0p35,cube28_cluster1,4,Radial Velocity,0.5,0.6931471805599453,0.30102999566398114,0.1666666666666666,0.0,0,5,0.8248326124997267,-0.3146956409320595,1.0,True
joint_no_density_pca2_cubes10_overlap0p35,cube50_cluster0,5,Imaging,1.0,-0.0,-0.0,0.3333333333333333,0.0,3,6,4.770320122453489,4.200953243089569,4.0,False
joint_no_density_pca2_cubes10_overlap0p35,cube51_cluster0,5,Imaging,1.0,-0.0,-0.0,0.3333333333333333,0.0,3,6,4.770320122453489,4.200953243089569,4.0,False
joint_no_density_pca2_cubes10_overlap0p35,cube59_cluster0,5,Imaging,1.0,-0.0,-0.0,0.3333333333333333,0.0,3,6,4.770320122453489,4.200953243089569,4.0,False
joint_no_density_pca2_cubes10_overlap0p35,cube60_cluster0,5,Imaging,1.0,-0.0,-0.0,0.3333333333333333,0.0,3,6,4.770320122453489,4.200953243089569,4.0,False
joint_no_density_pca2_cubes10_overlap0p35,cube61_cluster0,10,Imaging,1.0,-0.0,-0.0,0.5,0.0,1,7,6.818286138784532,0.4143865956095902,2.0,True
joint_no_density_pca2_cubes10_overlap0p35,cube62_cluster0,4,Imaging,1.0,-0.0,-0.0,0.5,0.0,1,7,6.781309733982759,0.4481487185207479,2.0,True
joint_no_density_pca2_cubes10_overlap0p35,cube61_cluster1,4,Imaging,1.0,-0.0,-0.0,0.5,0.0,1,8,7.8087732834072465,0.4718817377137893,2.0,True
joint_no_density_pca2_cubes10_overlap0p35,cube68_cluster0,4,Imaging,1.0,-0.0,-0.0,0.5,0.0,1,8,7.8087732834072465,0.4718817377137893,2.0,True
joint_pca2_cubes10_overlap0p35,cube11_cluster1,4,Transit,1.0,-0.0,-0.0,0.0,0.1428571428571428,1,0,-2.4600753247261204,-3.23495190324757,2.0,True
joint_pca2_cubes10_overlap0p35,cube1_cluster0,4,Transit,1.0,-0.0,-0.0,0.0,0.1428571428571428,1,0,-2.4600753247261204,-3.23495190324757,2.0,True
joint_pca2_cubes10_overlap0p35,cube11_cluster0,87,Transit,1.0,-0.0,-0.0,0.0016420361247947,0.1461412151067323,4,1,-1.5697944569955404,-2.711014181942564,40.0,False
joint_pca2_cubes10_overlap0p35,cube12_cluster0,416,Transit,0.9038461538461539,0.35447182655631115,0.15394515826357247,0.0315934065934065,0.1480082417582417,7,1,-1.402864604512484,-2.087246202548631,40.0,False
joint_pca2_cubes10_overlap0p35,cube13_cluster0,516,Transit,0.8953488372093024,0.37398989432980256,0.1624217473950135,0.0470653377630121,0.1461794019933555,7,1,-1.2241792347500988,-1.3229733826509746,40.0,False
joint_pca2_cubes10_overlap0p35,cube14_cluster0,941,Transit,0.9373007438894793,0.24896292445224663,0.10812322428810686,0.0422043418855321,0.1592530742371337,7,1,-1.2586060844019091,-0.0819077490604792,40.0,False
joint_pca2_cubes10_overlap0p35,cube15_cluster0,1445,Transit,0.9598615916955018,0.18437653539185772,0.08007371191312342,0.0324270884824518,0.158477508650519,9,1,-1.2959544694668943,0.5701921994814924,40.0,False
joint_pca2_cubes10_overlap0p35,cube16_cluster0,362,Transit,0.9337016574585635,0.2742111228020912,0.11908837750944315,0.0378847671665351,0.1574585635359116,6,1,-1.1652667740619629,1.108615151239726,40.0,False
joint_pca2_cubes10_overlap0p35,cube20_cluster0,25,Transit,1.0,-0.0,-0.0,0.0,0.1485714285714285,3,1,-1.2637138589556334,-2.72889268042026,40.0,False
joint_pca2_cubes10_overlap0p35,cube21_cluster0,260,Transit,0.7807692307692308,0.6143916586308242,0.26682690707075335,0.0653846153846153,0.1483516483516483,7,1,-0.9968150432398124,-1.9511311834161584,40.0,False
joint_pca2_cubes10_overlap0p35,cube22_cluster0,594,Transit,0.8013468013468014,0.5664647081623704,0.24601249694785338,0.0752765752765752,0.1445406445406445,8,1,-0.6615391952925032,-1.1928049227434687,40.0,False
joint_pca2_cubes10_overlap0p35,cube22_cluster1,7,Radial Velocity,0.7142857142857143,0.7963116401738131,0.3458337512028148,0.3061224489795918,0.1428571428571428,3,1,0.6619766087820399,-0.8934773322174216,40.0,False
joint_pca2_cubes10_overlap0p35,cube23_cluster0,1643,Transit,0.8831405964698722,0.38862669792601956,0.1687784304295522,0.0539083557951482,0.1564211807668898,9,1,-0.4224143284524655,-0.0655505879958915,40.0,False
joint_pca2_cubes10_overlap0p35,cube24_cluster0,2384,Transit,0.9286912751677853,0.28224169678519834,0.1225760114768224,0.0338566634707574,0.1554410354745925,8,1,-0.4042530418611875,0.5522756830442113,40.0,False
joint_pca2_cubes10_overlap0p35,cube25_cluster0,606,Transit,0.8877887788778878,0.3805885954886592,0.16528752689603352,0.033003300330033,0.1522866572371522,5,1,-0.4571499244077255,1.173772411327264,40.0,False
joint_pca2_cubes10_overlap0p35,cube29_cluster0,38,Radial Velocity,0.6578947368421053,0.9879824650658364,0.429075332795265,0.2894736842105263,0.1428571428571428,5,1,0.9697375371381762,-1.6464769500405725,40.0,False
joint_pca2_cubes10_overlap0p35,cube2_cluster0,11,Transit,0.9090909090909091,0.30463609734923813,0.13230177606731594,0.0259740259740259,0.1428571428571428,2,1,-2.248096445063463,-2.0735794612173475,40.0,False
joint_pca2_cubes10_overlap0p35,cube2_cluster1,5,Transit,1.0,-0.0,-0.0,0.0,0.1428571428571428,2,1,-2.1632562142008096,-2.462257372069468,40.0,False
joint_pca2_cubes10_overlap0p35,cube30_cluster0,352,Radial Velocity,0.6420454545454546,0.9538851942172449,0.4142670762177611,0.2321428571428571,0.1448863636363636,9,1,1.3453239735064737,-1.0662839486898432,40.0,False
joint_pca2_cubes10_overlap0p35,cube31_cluster0,797,Transit,0.5746549560853199,0.8954801111642947,0.3889020709327637,0.1292346298619824,0.1459042839218498,12,1,0.9944387811308284,-0.1749004259947146,40.0,False
joint_pca2_cubes10_overlap0p35,cube31_cluster1,5,Radial Velocity,1.0,-0.0,-0.0,0.2857142857142857,0.1428571428571428,1,1,1.58574204318329,0.2369730570344071,40.0,True
joint_pca2_cubes10_overlap0p35,cube32_cluster0,55,Radial Velocity,0.6,1.0913560633201442,0.4739699160915945,0.3064935064935064,0.1428571428571428,3,1,1.781508468271904,0.1678972288592716,40.0,False
joint_pca2_cubes10_overlap0p35,cube32_cluster1,806,Transit,0.8498759305210918,0.5208716086397567,0.22621166541231646,0.0418291386033321,0.1465792272243885,8,1,0.6461221202497275,0.5274892612791228,40.0,False
joint_pca2_cubes10_overlap0p35,cube32_cluster2,6,Radial Velocity,1.0,-0.0,-0.0,0.2857142857142856,0.1428571428571428,3,1,1.5698224175181608,0.2121750261827544,40.0,False
joint_pca2_cubes10_overlap0p35,cube33_cluster0,173,Transit,0.8034682080924855,0.6196906927025567,0.2691282483275241,0.0412881915772089,0.1445086705202312,5,1,0.6328671825574174,1.2123488147055266,40.0,False
joint_pca2_cubes10_overlap0p35,cube38_cluster0,21,Microlensing,0.5238095238095238,0.6920129648318738,0.30053741203199186,0.3605442176870748,0.1428571428571428,4,1,2.027126852639444,-1.5845421788723255,40.0,False
joint_pca2_cubes10_overlap0p35,cube39_cluster0,384,Radial Velocity,0.6640625,0.778602073952749,0.3381425843161065,0.316220238095238,0.1450892857142857,7,1,2.356663381700582,-1.0046696598490528,40.0,False
joint_pca2_cubes10_overlap0p35,cube40_cluster0,588,Radial Velocity,0.6462585034013606,0.9707164747502623,0.42157680847661616,0.2939747327502429,0.1438289601554907,11,1,2.4612739626862097,-0.3686688609384454,40.0,False
joint_pca2_cubes10_overlap0p35,cube41_cluster0,170,Radial Velocity,0.7176470588235294,0.9940148024107511,0.43169514361714034,0.2789915966386554,0.1453781512605041,6,1,2.6818485362749573,0.2767613138384311,40.0,False
joint_pca2_cubes10_overlap0p35,cube41_cluster1,98,Microlensing,0.46938775510204084,1.0182810038693386,0.44223382100735753,0.2244897959183673,0.1443148688046647,6,1,2.078216098842173,0.5355499185373358,40.0,False
joint_pca2_cubes10_overlap0p35,cube42_cluster0,21,Microlensing,0.6190476190476191,0.8787513508906517,0.3816368626568382,0.2789115646258503,0.1428571428571428,3,1,2.2061390277888853,1.1693917284932862,40.0,False
joint_pca2_cubes10_overlap0p35,cube47_cluster1,79,Radial Velocity,0.5822784810126582,0.6795459060506643,0.29512303719774907,0.3254972875226038,0.1428571428571428,4,1,3.2537684678711742,-0.9450469829533006,40.0,False
joint_pca2_cubes10_overlap0p35,cube48_cluster0,199,Radial Velocity,0.6984924623115578,0.8379086680332115,0.3638991108657274,0.3108399138549891,0.1407035175879397,8,1,3.4846199057992018,-0.2365409810939951,40.0,False
joint_pca2_cubes10_overlap0p35,cube49_cluster0,159,Radial Velocity,0.7924528301886793,0.8520746759789479,0.37005132994715834,0.2785265049415992,0.1428571428571428,7,1,3.9032189089807536,0.4806031723849418,40.0,False
joint_pca2_cubes10_overlap0p35,cube4_cluster0,143,Transit,0.986013986013986,0.08329816492199307,0.0361759333782886,0.0119880119880119,0.1458541458541458,4,1,-2.6355305395487214,0.1359976233966842,40.0,False
joint_pca2_cubes10_overlap0p35,cube50_cluster0,20,Radial Velocity,0.8,0.6128694524619496,0.26616582133129196,0.2928571428571428,0.1428571428571428,4,1,4.544588180920179,1.1201620968145378,40.0,False
joint_pca2_cubes10_overlap0p35,cube55_cluster1,6,Radial Velocity,1.0,-0.0,-0.0,0.2619047619047618,0.1428571428571428,3,1,4.612766815594729,0.2474404534564802,40.0,False
joint_pca2_cubes10_overlap0p35,cube56_cluster0,41,Radial Velocity,0.8292682926829268,0.6202128071299435,0.26935499974226024,0.2857142857142857,0.1463414634146341,5,1,4.702628646982904,0.7730189460006541,40.0,False
joint_pca2_cubes10_overlap0p35,cube57_cluster0,15,Radial Velocity,0.8,0.6277052571971504,0.27260892946238385,0.2952380952380952,0.1428571428571428,3,1,4.825614507589327,1.173018137971824,40.0,False
joint_pca2_cubes10_overlap0p35,cube5_cluster0,190,Transit,0.9842105263157894,0.09121562103981468,0.039614440880969666,0.0285714285714285,0.1571428571428571,6,1,-2.5671408855603337,0.3976270366695342,40.0,False
joint_pca2_cubes10_overlap0p35,cube6_cluster0,11,Transit,0.9090909090909091,0.30463609734923813,0.13230177606731594,0.0389610389610389,0.1948051948051948,3,1,-2.5476020837699287,0.988166496308338,40.0,False
joint_pca2_cubes10_overlap0p35,cube6_cluster1,5,Transit,1.0,-0.0,-0.0,0.1714285714285714,0.2285714285714286,3,1,-2.4472207147733736,0.9382602906160902,40.0,False
joint_pca2_cubes10_overlap0p35,cube16_cluster1,4,Transit,1.0,-0.0,-0.0,0.0,0.1428571428571428,1,2,-1.207206863540638,1.586532573673924,2.0,True
joint_pca2_cubes10_overlap0p35,cube25_cluster1,4,Transit,1.0,-0.0,-0.0,0.0,0.1428571428571428,1,2,-1.207206863540638,1.586532573673924,2.0,True
joint_pca2_cubes10_overlap0p35,cube16_cluster2,8,Transit,1.0,-0.0,-0.0,0.0,0.1428571428571428,3,3,-0.8960793701390808,1.931245946954644,4.0,False
joint_pca2_cubes10_overlap0p35,cube17_cluster0,6,Transit,1.0,-0.0,-0.0,0.0,0.1428571428571428,3,3,-0.9005900244320314,2.008617233826485,4.0,False
joint_pca2_cubes10_overlap0p35,cube25_cluster2,8,Transit,1.0,-0.0,-0.0,0.0,0.1428571428571428,3,3,-0.8960793701390808,1.931245946954644,4.0,False
joint_pca2_cubes10_overlap0p35,cube26_cluster0,6,Transit,1.0,-0.0,-0.0,0.0,0.1428571428571428,3,3,-0.9005900244320314,2.008617233826485,4.0,False
joint_pca2_cubes10_overlap0p35,cube16_cluster3,6,Transit,0.8333333333333334,0.45056120886630463,0.19567624677029458,0.0238095238095238,0.1428571428571428,1,4,-0.8485089989207154,1.7907708558377335,2.0,True
joint_pca2_cubes10_overlap0p35,cube25_cluster3,6,Transit,0.8333333333333334,0.45056120886630463,0.19567624677029458,0.0238095238095238,0.1428571428571428,1,4,-0.8485089989207154,1.7907708558377335,2.0,True
joint_pca2_cubes10_overlap0p35,cube47_cluster0,7,Imaging,1.0,-0.0,-0.0,0.2857142857142856,0.1428571428571428,3,5,4.703806563707418,-0.9625686887851704,4.0,False
joint_pca2_cubes10_overlap0p35,cube48_cluster1,6,Imaging,1.0,-0.0,-0.0,0.2857142857142856,0.1428571428571428,3,5,4.702226149533505,-0.9443642437736588,4.0,False
joint_pca2_cubes10_overlap0p35,cube54_cluster0,7,Imaging,1.0,-0.0,-0.0,0.2857142857142856,0.1428571428571428,3,5,4.703806563707418,-0.9625686887851704,4.0,False
joint_pca2_cubes10_overlap0p35,cube55_cluster0,6,Imaging,1.0,-0.0,-0.0,0.2857142857142856,0.1428571428571428,3,5,4.702226149533505,-0.9443642437736588,4.0,False
joint_pca2_cubes10_overlap0p35,cube61_cluster0,8,Imaging,1.0,-0.0,-0.0,0.4285714285714285,0.1428571428571428,1,6,6.806586381276857,0.9082144897426354,2.0,True
joint_pca2_cubes10_overlap0p35,cube62_cluster0,5,Imaging,1.0,-0.0,-0.0,0.4285714285714285,0.1428571428571428,1,6,6.747385728167248,0.9544457748342888,2.0,True
thermal_pca2_cubes10_overlap0p35,cube11_cluster0,32,Radial Velocity,0.625,1.2141266325632252,0.506330133069709,0.96875,0.0,1,0,-2.6699173215632266,-0.6675340204828335,2.0,True
thermal_pca2_cubes10_overlap0p35,cube12_cluster0,42,Radial Velocity,0.6190476190476191,1.2055251764410087,0.5027430472533303,0.9761904761904762,0.0,1,0,-2.6349949043112737,-0.6294605192986434,2.0,True
thermal_pca2_cubes10_overlap0p35,cube11_cluster1,10,Imaging,0.5,0.9433483923290392,0.39340683599919735,0.95,0.0,0,1,-2.8651720479582474,-0.8811794822928365,1.0,True
thermal_pca2_cubes10_overlap0p35,cube11_cluster2,4,Radial Velocity,0.75,0.5623351446188083,0.234511970142281,1.0,0.0,3,2,-2.249232032855187,-0.5653843179773033,4.0,False
thermal_pca2_cubes10_overlap0p35,cube12_cluster7,15,Radial Velocity,0.8666666666666667,0.39267446722755217,0.16375797211914792,0.9333333333333332,0.0,3,2,-2.253965954087691,-0.5250387121585324,4.0,False
thermal_pca2_cubes10_overlap0p35,cube17_cluster0,4,Radial Velocity,0.75,0.5623351446188083,0.234511970142281,1.0,0.0,3,2,-2.249232032855187,-0.5653843179773033,4.0,False
thermal_pca2_cubes10_overlap0p35,cube18_cluster7,15,Radial Velocity,0.8666666666666667,0.39267446722755217,0.16375797211914792,0.9333333333333332,0.0,3,2,-2.253965954087691,-0.5250387121585324,4.0,False
thermal_pca2_cubes10_overlap0p35,cube12_cluster1,10,Radial Velocity,0.9,0.3250829733914482,0.13557012980474029,0.95,0.0,1,3,-2.285822078174608,-0.3878022528769932,2.0,True
thermal_pca2_cubes10_overlap0p35,cube18_cluster1,10,Radial Velocity,0.9,0.3250829733914482,0.13557012980474029,0.95,0.0,1,3,-2.285822078174608,-0.3878022528769932,2.0,True
thermal_pca2_cubes10_overlap0p35,cube12_cluster2,22,Radial Velocity,0.7272727272727273,0.7088329479943613,0.29560629942238686,0.5227272727272727,0.0,3,4,-1.973845826597749,-0.3305283684635104,35.0,False
thermal_pca2_cubes10_overlap0p35,cube13_cluster3,4,Radial Velocity,1.0,-0.0,-0.0,0.625,0.0,3,4,-1.9420191702995595,-0.2487992905464555,35.0,False
thermal_pca2_cubes10_overlap0p35,cube18_cluster0,719,Radial Velocity,0.4853963838664812,1.1692615093339815,0.487619923437874,0.717663421418637,0.0,5,4,-1.2855452702739445,-0.2265409017514026,35.0,False
thermal_pca2_cubes10_overlap0p35,cube18_cluster12,6,Radial Velocity,0.5,0.6931471805599453,0.2890648263178878,0.5,0.0,3,4,-0.8574314709590803,0.006410346587436,35.0,False
thermal_pca2_cubes10_overlap0p35,cube19_cluster0,875,Transit,0.6102857142857143,0.9861553836940807,0.4112587379778377,0.3217142857142857,0.0,8,4,-1.1362147929936657,0.0135306716164685,35.0,False
thermal_pca2_cubes10_overlap0p35,cube26_cluster0,720,Radial Velocity,0.5861111111111111,1.029692064652483,0.4294149441525946,0.8472222222222222,0.0,11,4,-0.8739515507270141,-0.2539789871749239,35.0,False
thermal_pca2_cubes10_overlap0p35,cube26_cluster1,52,Radial Velocity,0.5384615384615384,0.9008015678464758,0.3756634320377263,0.7115384615384616,0.0,3,4,-0.0030128919682251,-0.0430745561494681,35.0,False
thermal_pca2_cubes10_overlap0p35,cube26_cluster3,23,Radial Velocity,0.7391304347826086,0.8002853336058786,0.33374490649541033,0.8043478260869565,0.0,1,4,-0.2905943218367867,-0.0711104417766686,35.0,True
thermal_pca2_cubes10_overlap0p35,cube26_cluster4,19,Transit,0.47368421052631576,1.1137712633489112,0.46447869345400045,0.5789473684210527,0.0,3,4,0.2859394972540869,-0.0408552451498084,35.0,False
thermal_pca2_cubes10_overlap0p35,cube26_cluster5,25,Radial Velocity,0.56,1.0972285553100158,0.45757984835990684,0.86,0.0,1,4,-0.5306504713900477,-0.0958116746068233,35.0,True
thermal_pca2_cubes10_overlap0p35,cube26_cluster8,6,Radial Velocity,0.5,0.6931471805599453,0.2890648263178878,0.5,0.0,3,4,-0.8574314709590803,0.006410346587436,35.0,False
thermal_pca2_cubes10_overlap0p35,cube27_cluster0,2993,Transit,0.8306047444036084,0.5767638984866449,0.24052922787305675,0.1876044102906782,0.0,14,4,-0.3850516715606112,0.1634594280829542,35.0,False
thermal_pca2_cubes10_overlap0p35,cube27_cluster1,23,Radial Velocity,0.8260869565217391,0.5825842452160127,0.2429565009885233,0.9130434782608696,0.0,1,4,-0.463315130579591,-0.2227585306443237,35.0,True
thermal_pca2_cubes10_overlap0p35,cube27_cluster4,8,Radial Velocity,0.75,0.5623351446188083,0.234511970142281,0.875,0.0,3,4,0.0197794274291188,-0.2187958873587917,35.0,False
thermal_pca2_cubes10_overlap0p35,cube27_cluster5,6,Radial Velocity,0.6666666666666666,0.6365141682948128,0.26544702577940094,0.8333333333333334,0.0,3,4,-0.2002117068267682,-0.2465942703363051,35.0,False
thermal_pca2_cubes10_overlap0p35,cube27_cluster6,5,Radial Velocity,0.8,0.5004024235381879,0.20868401936261904,0.8,0.0,3,4,-0.0964027751190004,-0.2325086547779089,35.0,False
thermal_pca2_cubes10_overlap0p35,cube28_cluster0,258,Transit,0.9883720930232558,0.07612933679991718,0.03174839938321134,0.0348837209302325,0.0,4,4,-0.1287548677193948,0.3506210457565653,35.0,False
thermal_pca2_cubes10_overlap0p35,cube33_cluster0,68,Radial Velocity,0.7794117647058824,0.6800610170130429,0.28360747223935434,0.9558823529411764,0.0,7,4,-0.1228372831684195,-0.349410865360608,35.0,False
thermal_pca2_cubes10_overlap0p35,cube33_cluster1,368,Transit,0.8668478260869565,0.41880875591692507,0.17465681702944874,0.1494565217391304,0.0,3,4,1.1609009295005634,-0.0578049824282105,35.0,False
thermal_pca2_cubes10_overlap0p35,cube33_cluster2,52,Radial Velocity,0.5384615384615384,0.9008015678464758,0.3756634320377263,0.7115384615384616,0.0,3,4,-0.0030128919682251,-0.0430745561494681,35.0,False
thermal_pca2_cubes10_overlap0p35,cube33_cluster4,15,Transit,0.7333333333333333,0.5799151714181009,0.24184341075969235,0.4,0.0,1,4,0.4797459727988745,0.0062532112364082,35.0,True
thermal_pca2_cubes10_overlap0p35,cube33_cluster5,19,Transit,0.47368421052631576,1.1137712633489112,0.46447869345400045,0.5789473684210527,0.0,3,4,0.2859394972540869,-0.0408552451498084,35.0,False
thermal_pca2_cubes10_overlap0p35,cube34_cluster0,2810,Transit,0.9181494661921709,0.3242077601494406,0.13520513753341967,0.141103202846975,0.0,13,4,0.459121860540102,0.1539731158812872,35.0,False
thermal_pca2_cubes10_overlap0p35,cube34_cluster5,8,Radial Velocity,0.75,0.5623351446188083,0.234511970142281,0.875,0.0,3,4,0.0197794274291188,-0.2187958873587917,35.0,False
thermal_pca2_cubes10_overlap0p35,cube34_cluster6,6,Radial Velocity,0.6666666666666666,0.6365141682948128,0.26544702577940094,0.8333333333333334,0.0,3,4,-0.2002117068267682,-0.2465942703363051,35.0,False
thermal_pca2_cubes10_overlap0p35,cube34_cluster9,5,Radial Velocity,0.8,0.5004024235381879,0.20868401936261904,0.8,0.0,3,4,-0.0964027751190004,-0.2325086547779089,35.0,False
thermal_pca2_cubes10_overlap0p35,cube35_cluster0,235,Transit,0.9787234042553191,0.13131089536350016,0.05476089671349945,0.0595744680851063,0.0,3,4,0.1990767314021206,0.3565758525681533,35.0,False
thermal_pca2_cubes10_overlap0p35,cube35_cluster1,4,Transit,1.0,-0.0,-0.0,0.25,0.0,3,4,0.9831587872450024,0.3265924241220931,35.0,False
thermal_pca2_cubes10_overlap0p35,cube39_cluster0,16,Transit,1.0,-0.0,-0.0,0.0,0.0,3,4,2.509086650035776,-0.5791475346280073,35.0,False
thermal_pca2_cubes10_overlap0p35,cube40_cluster0,715,Transit,0.9356643356643357,0.26088744191122354,0.10879851379279169,0.0797202797202797,0.0,7,4,1.577177043653928,-0.1735442574693159,35.0,False
thermal_pca2_cubes10_overlap0p35,cube41_cluster0,825,Transit,0.9296969696969697,0.28108127775638986,0.11721999744733007,0.0969696969696969,0.0,7,4,1.3026759729190744,-0.0329330075228546,35.0,False
thermal_pca2_cubes10_overlap0p35,cube42_cluster0,4,Transit,1.0,-0.0,-0.0,0.25,0.0,3,4,0.9831587872450024,0.3265924241220931,35.0,False
thermal_pca2_cubes10_overlap0p35,cube46_cluster0,19,Transit,0.9473684210526315,0.20619205063323187,0.08598876396824597,0.0,0.0,3,4,2.5290003355453163,-0.58789111510835,35.0,False
thermal_pca2_cubes10_overlap0p35,cube47_cluster0,108,Transit,0.9722222222222222,0.15744755335996086,0.0656607297016011,0.0231481481481481,0.0,5,4,2.238356122609141,-0.4202516003301774,35.0,False
thermal_pca2_cubes10_overlap0p35,cube48_cluster0,5,Transit,1.0,-0.0,-0.0,0.3,0.0,3,4,2.0370617598443626,-0.2237210651782511,35.0,False
thermal_pca2_cubes10_overlap0p35,cube12_cluster3,9,Radial Velocity,0.7777777777777778,0.6837389058487535,0.28514127101590325,0.8333333333333334,0.0,3,5,-2.300630828622559,-0.2654451620063529,4.0,False
thermal_pca2_cubes10_overlap0p35,cube13_cluster1,6,Radial Velocity,1.0,-0.0,-0.0,0.75,0.0,3,5,-2.2887831026602465,-0.2552289242575101,4.0,False
thermal_pca2_cubes10_overlap0p35,cube18_cluster2,9,Radial Velocity,0.7777777777777778,0.6837389058487535,0.28514127101590325,0.8333333333333334,0.0,3,5,-2.300630828622559,-0.2654451620063529,4.0,False
thermal_pca2_cubes10_overlap0p35,cube19_cluster2,6,Radial Velocity,1.0,-0.0,-0.0,0.75,0.0,3,5,-2.2887831026602465,-0.2552289242575101,4.0,False
thermal_pca2_cubes10_overlap0p35,cube12_cluster4,8,Radial Velocity,0.875,0.37677016125643675,0.15712536136607072,0.875,0.0,3,6,-2.167806227562129,-0.1135980674253734,4.0,False
thermal_pca2_cubes10_overlap0p35,cube13_cluster2,8,Radial Velocity,0.875,0.37677016125643675,0.15712536136607072,0.875,0.0,3,6,-2.167806227562129,-0.1135980674253734,4.0,False
thermal_pca2_cubes10_overlap0p35,cube18_cluster3,8,Radial Velocity,0.875,0.37677016125643675,0.15712536136607072,0.875,0.0,3,6,-2.167806227562129,-0.1135980674253734,4.0,False
thermal_pca2_cubes10_overlap0p35,cube19_cluster3,8,Radial Velocity,0.875,0.37677016125643675,0.15712536136607072,0.875,0.0,3,6,-2.167806227562129,-0.1135980674253734,4.0,False
thermal_pca2_cubes10_overlap0p35,cube12_cluster5,23,Radial Velocity,0.782608695652174,0.8131904766573733,0.33912676916384715,0.8913043478260869,0.0,1,7,-2.1102083678399297,-0.4050694602255693,2.0,True
thermal_pca2_cubes10_overlap0p35,cube18_cluster4,23,Radial Velocity,0.782608695652174,0.8131904766573733,0.33912676916384715,0.8913043478260869,0.0,1,7,-2.1102083678399297,-0.4050694602255693,2.0,True
thermal_pca2_cubes10_overlap0p35,cube12_cluster6,6,Radial Velocity,0.6666666666666666,0.8675632284814612,0.36180196788536356,0.9166666666666666,0.0,1,8,-2.4092815192971258,-0.3793867548895775,2.0,True
thermal_pca2_cubes10_overlap0p35,cube18_cluster5,6,Radial Velocity,0.6666666666666666,0.8675632284814612,0.36180196788536356,0.9166666666666666,0.0,1,8,-2.4092815192971258,-0.3793867548895775,2.0,True
thermal_pca2_cubes10_overlap0p35,cube12_cluster8,3,Radial Velocity,1.0,-0.0,-0.0,0.8333333333333334,0.0,3,9,-2.0166393294449314,-0.2570832912601389,4.0,False
thermal_pca2_cubes10_overlap0p35,cube13_cluster4,3,Radial Velocity,1.0,-0.0,-0.0,0.8333333333333334,0.0,3,9,-2.0166393294449314,-0.2570832912601389,4.0,False
thermal_pca2_cubes10_overlap0p35,cube18_cluster9,3,Radial Velocity,1.0,-0.0,-0.0,0.8333333333333334,0.0,3,9,-2.0166393294449314,-0.2570832912601389,4.0,False
thermal_pca2_cubes10_overlap0p35,cube19_cluster5,3,Radial Velocity,1.0,-0.0,-0.0,0.8333333333333334,0.0,3,9,-2.0166393294449314,-0.2570832912601389,4.0,False
thermal_pca2_cubes10_overlap0p35,cube12_cluster9,5,Radial Velocity,0.8,0.5004024235381879,0.20868401936261904,0.9,0.0,3,10,-2.0832571639339137,-0.1867921056019251,4.0,False
thermal_pca2_cubes10_overlap0p35,cube13_cluster5,5,Radial Velocity,0.8,0.5004024235381879,0.20868401936261904,0.9,0.0,3,10,-2.0832571639339137,-0.1867921056019251,4.0,False
thermal_pca2_cubes10_overlap0p35,cube18_cluster10,5,Radial Velocity,0.8,0.5004024235381879,0.20868401936261904,0.9,0.0,3,10,-2.0832571639339137,-0.1867921056019251,4.0,False
thermal_pca2_cubes10_overlap0p35,cube19_cluster6,5,Radial Velocity,0.8,0.5004024235381879,0.20868401936261904,0.9,0.0,3,10,-2.0832571639339137,-0.1867921056019251,4.0,False
thermal_pca2_cubes10_overlap0p35,cube13_cluster0,4,Radial Velocity,1.0,-0.0,-0.0,0.75,0.0,1,11,-1.9282360352614012,0.1418639520992902,2.0,True
thermal_pca2_cubes10_overlap0p35,cube19_cluster1,6,Radial Velocity,1.0,-0.0,-0.0,0.8333333333333334,0.0,1,11,-1.9154687934737995,0.150678302262127,2.0,True
thermal_pca2_cubes10_overlap0p35,cube17_cluster1,4,Imaging,0.5,1.0397207708399179,0.4335972394768317,1.0,0.0,1,12,-1.704482448020757,-0.5829850768548954,2.0,True
thermal_pca2_cubes10_overlap0p35,cube18_cluster13,5,Imaging,0.6,0.9502705392332347,0.39629359547644394,1.0,0.0,1,12,-1.7048854005716645,-0.573346051265441,2.0,True
thermal_pca2_cubes10_overlap0p35,cube18_cluster6,4,Radial Velocity,0.75,0.5623351446188083,0.234511970142281,0.75,0.0,0,13,-1.9197433925894505,-0.4213441292416036,1.0,True
thermal_pca2_cubes10_overlap0p35,cube18_cluster8,5,Radial Velocity,0.6,0.9502705392332347,0.39629359547644394,1.0,0.0,0,14,-1.4797302921441493,-0.4508363857879939,1.0,True
thermal_pca2_cubes10_overlap0p35,cube18_cluster11,6,Microlensing,0.6666666666666666,0.6365141682948128,0.26544702577940094,1.0,0.0,1,15,-1.7402301643323252,-0.0206251942742702,2.0,True
thermal_pca2_cubes10_overlap0p35,cube19_cluster7,6,Microlensing,0.6666666666666666,0.6365141682948128,0.26544702577940094,1.0,0.0,1,15,-1.7402301643323252,-0.0206251942742702,2.0,True
thermal_pca2_cubes10_overlap0p35,cube19_cluster4,4,Radial Velocity,0.75,0.5623351446188083,0.234511970142281,0.625,0.0,0,16,-1.4011855326694485,0.1882434132247658,1.0,True
thermal_pca2_cubes10_overlap0p35,cube19_cluster8,4,Radial Velocity,0.75,0.5623351446188083,0.234511970142281,0.625,0.0,0,17,-1.7036437976444012,0.1835281337425309,1.0,True
thermal_pca2_cubes10_overlap0p35,cube19_cluster9,4,Radial Velocity,0.5,0.6931471805599453,0.2890648263178878,0.5,0.0,1,18,-1.2866509894934852,0.1866487302913416,2.0,True
thermal_pca2_cubes10_overlap0p35,cube27_cluster7,4,Radial Velocity,0.5,0.6931471805599453,0.2890648263178878,0.5,0.0,1,18,-1.2866509894934852,0.1866487302913416,2.0,True
thermal_pca2_cubes10_overlap0p35,cube26_cluster2,5,Radial Velocity,0.4,1.0549201679861442,0.4399358804169293,0.6,0.0,1,19,-0.3093858041229639,-0.2074593823120746,2.0,True
thermal_pca2_cubes10_overlap0p35,cube27_cluster2,5,Radial Velocity,0.4,1.0549201679861442,0.4399358804169293,0.6,0.0,1,19,-0.3093858041229639,-0.2074593823120746,2.0,True
thermal_pca2_cubes10_overlap0p35,cube26_cluster6,4,Radial Velocity,1.0,-0.0,-0.0,1.0,0.0,3,20,0.1872553603517749,-0.2360852044055137,4.0,False
thermal_pca2_cubes10_overlap0p35,cube27_cluster3,4,Radial Velocity,1.0,-0.0,-0.0,1.0,0.0,3,20,0.1872553603517749,-0.2360852044055137,4.0,False
thermal_pca2_cubes10_overlap0p35,cube33_cluster8,4,Radial Velocity,1.0,-0.0,-0.0,1.0,0.0,3,20,0.1872553603517749,-0.2360852044055137,4.0,False
thermal_pca2_cubes10_overlap0p35,cube34_cluster4,4,Radial Velocity,1.0,-0.0,-0.0,1.0,0.0,3,20,0.1872553603517749,-0.2360852044055137,4.0,False
thermal_pca2_cubes10_overlap0p35,cube26_cluster7,14,Radial Velocity,0.5714285714285714,1.0547209169068124,0.43985278626282176,1.0,0.0,1,21,0.144659002764879,-0.3451830892501946,2.0,True
thermal_pca2_cubes10_overlap0p35,cube33_cluster10,14,Radial Velocity,0.5714285714285714,1.0547209169068124,0.43985278626282176,1.0,0.0,1,21,0.144659002764879,-0.3451830892501946,2.0,True
thermal_pca2_cubes10_overlap0p35,cube26_cluster9,4,Radial Velocity,1.0,-0.0,-0.0,1.0,0.0,1,22,0.2957347670185797,-0.2864653190130459,2.0,True
thermal_pca2_cubes10_overlap0p35,cube33_cluster13,4,Radial Velocity,1.0,-0.0,-0.0,1.0,0.0,1,22,0.2957347670185797,-0.2864653190130459,2.0,True
thermal_pca2_cubes10_overlap0p35,cube27_cluster8,3,Transit,1.0,-0.0,-0.0,0.0,0.0,1,23,-0.4104568570267558,0.4792438378334443,2.0,True
thermal_pca2_cubes10_overlap0p35,cube28_cluster1,3,Transit,1.0,-0.0,-0.0,0.0,0.0,1,23,-0.4104568570267558,0.4792438378334443,2.0,True
thermal_pca2_cubes10_overlap0p35,cube33_cluster3,7,Radial Velocity,0.5714285714285714,0.6829081047004717,0.2847948000262373,0.5714285714285714,0.0,1,24,0.4906487317902819,-0.2542266926437334,2.0,True
thermal_pca2_cubes10_overlap0p35,cube34_cluster1,7,Radial Velocity,0.5714285714285714,0.6829081047004717,0.2847948000262373,0.5714285714285714,0.0,1,24,0.4906487317902819,-0.2542266926437334,2.0,True
thermal_pca2_cubes10_overlap0p35,cube33_cluster6,5,Transit,1.0,-0.0,-0.0,0.0,0.0,1,25,1.2805984359717848,-0.3125828956820567,2.0,True
thermal_pca2_cubes10_overlap0p35,cube40_cluster1,5,Transit,1.0,-0.0,-0.0,0.0,0.0,1,25,1.2805984359717848,-0.3125828956820567,2.0,True
thermal_pca2_cubes10_overlap0p35,cube33_cluster7,4,Transit,0.75,0.5623351446188083,0.234511970142281,0.25,0.0,3,26,1.1996518135743022,-0.2431513154860882,4.0,False
thermal_pca2_cubes10_overlap0p35,cube34_cluster3,4,Transit,0.75,0.5623351446188083,0.234511970142281,0.25,0.0,3,26,1.1996518135743022,-0.2431513154860882,4.0,False
thermal_pca2_cubes10_overlap0p35,cube40_cluster2,4,Transit,0.75,0.5623351446188083,0.234511970142281,0.25,0.0,3,26,1.1996518135743022,-0.2431513154860882,4.0,False
thermal_pca2_cubes10_overlap0p35,cube41_cluster2,4,Transit,0.75,0.5623351446188083,0.234511970142281,0.25,0.0,3,26,1.1996518135743022,-0.2431513154860882,4.0,False
thermal_pca2_cubes10_overlap0p35,cube33_cluster9,6,Transit,0.5,1.0114042647073516,0.42178833920758824,0.5,0.0,1,27,0.4538156659230389,-0.1054284583358178,2.0,True
thermal_pca2_cubes10_overlap0p35,cube34_cluster7,6,Transit,0.5,1.0114042647073516,0.42178833920758824,0.5,0.0,1,27,0.4538156659230389,-0.1054284583358178,2.0,True
thermal_pca2_cubes10_overlap0p35,cube33_cluster11,4,Radial Velocity,0.75,0.5623351446188083,0.234511970142281,0.75,0.0,1,28,0.6869792998963178,-0.2373656996125217,2.0,True
thermal_pca2_cubes10_overlap0p35,cube34_cluster8,4,Radial Velocity,0.75,0.5623351446188083,0.234511970142281,0.75,0.0,1,28,0.6869792998963178,-0.2373656996125217,2.0,True
thermal_pca2_cubes10_overlap0p35,cube33_cluster12,4,Radial Velocity,0.75,0.5623351446188083,0.234511970142281,0.75,0.0,1,29,0.53442091387291,-0.1227956250767526,2.0,True
thermal_pca2_cubes10_overlap0p35,cube34_cluster10,4,Radial Velocity,0.75,0.5623351446188083,0.234511970142281,0.75,0.0,1,29,0.53442091387291,-0.1227956250767526,2.0,True
thermal_pca2_cubes10_overlap0p35,cube33_cluster14,8,Transit,0.625,0.6615632381579821,0.2758932992873915,0.3125,0.0,3,30,1.066326267942883,-0.2270723582588508,4.0,False
thermal_pca2_cubes10_overlap0p35,cube34_cluster11,8,Transit,0.625,0.6615632381579821,0.2758932992873915,0.3125,0.0,3,30,1.066326267942883,-0.2270723582588508,4.0,False
thermal_pca2_cubes10_overlap0p35,cube40_cluster4,8,Transit,0.625,0.6615632381579821,0.2758932992873915,0.3125,0.0,3,30,1.066326267942883,-0.2270723582588508,4.0,False
thermal_pca2_cubes10_overlap0p35,cube41_cluster3,8,Transit,0.625,0.6615632381579821,0.2758932992873915,0.3125,0.0,3,30,1.066326267942883,-0.2270723582588508,4.0,False
thermal_pca2_cubes10_overlap0p35,cube34_cluster2,4,Transit,1.0,-0.0,-0.0,0.75,0.0,1,31,1.3800716150567642,0.2401610838981464,2.0,True
thermal_pca2_cubes10_overlap0p35,cube41_cluster1,4,Transit,1.0,-0.0,-0.0,0.75,0.0,1,31,1.3800716150567642,0.2401610838981464,2.0,True
thermal_pca2_cubes10_overlap0p35,cube39_cluster1,4,Transit,1.0,-0.0,-0.0,0.0,0.0,3,32,2.0313139807424463,-0.5991964115592994,4.0,False
thermal_pca2_cubes10_overlap0p35,cube40_cluster5,4,Transit,1.0,-0.0,-0.0,0.0,0.0,3,32,2.0313139807424463,-0.5991964115592994,4.0,False
thermal_pca2_cubes10_overlap0p35,cube46_cluster5,4,Transit,1.0,-0.0,-0.0,0.0,0.0,3,32,2.0313139807424463,-0.5991964115592994,4.0,False
thermal_pca2_cubes10_overlap0p35,cube47_cluster5,4,Transit,1.0,-0.0,-0.0,0.0,0.0,3,32,2.0313139807424463,-0.5991964115592994,4.0,False
thermal_pca2_cubes10_overlap0p35,cube40_cluster3,5,Transit,1.0,-0.0,-0.0,0.1,0.0,1,33,2.506025248869916,-0.458113964367266,2.0,True
thermal_pca2_cubes10_overlap0p35,cube47_cluster4,5,Transit,1.0,-0.0,-0.0,0.1,0.0,1,33,2.506025248869916,-0.458113964367266,2.0,True
thermal_pca2_cubes10_overlap0p35,cube46_cluster1,4,Transit,1.0,-0.0,-0.0,0.0,0.0,1,34,2.9112114305190726,-0.766609648375363,2.0,True
thermal_pca2_cubes10_overlap0p35,cube47_cluster1,4,Transit,1.0,-0.0,-0.0,0.0,0.0,1,34,2.9112114305190726,-0.766609648375363,2.0,True
thermal_pca2_cubes10_overlap0p35,cube46_cluster2,4,Transit,1.0,-0.0,-0.0,0.125,0.0,1,35,2.665112119175084,-0.5513612374462078,2.0,True
thermal_pca2_cubes10_overlap0p35,cube47_cluster2,7,Transit,1.0,-0.0,-0.0,0.0714285714285714,0.0,1,35,2.6494850510239494,-0.5298231420198849,2.0,True
thermal_pca2_cubes10_overlap0p35,cube46_cluster3,7,Transit,1.0,-0.0,-0.0,0.0,0.0,1,36,2.795268269687629,-0.7093524599412719,2.0,True
thermal_pca2_cubes10_overlap0p35,cube47_cluster3,7,Transit,1.0,-0.0,-0.0,0.0,0.0,1,36,2.795268269687629,-0.7093524599412719,2.0,True
thermal_pca2_cubes10_overlap0p35,cube46_cluster4,4,Transit,1.0,-0.0,-0.0,0.0,0.0,0,37,3.133051286518687,-0.8530628670780744,1.0,True
